bp_percentage,dp,ensemble_diversity,ent_3,ent_4,ent_5,ent_6,ent_7,ent_8,expected_accuracy,fe_per,gc_perentage,pos_entropy,seq
0.576687116564,.((.......))..((..(...(.(((............((((.((((((((((...(((((......))))).((((.((.(((((.(((((.(..(((((((((.....(((.(((((((((((........))))))))))).....))).(.((.(((.(((((.((....))))))).....))))).)..(...)...((((((.....(((....(((....)))....)))...)))))))))))))))....).)))))....))))).))))))...)))))))))).))))....))).)......)..))....,0.150008362986,0.951356200113,0.904570728805,0.954323652529,0.990738163372,0.999248972122,1.0,0.638581438581,0.524822733411,0.61963190184,0.223384806529,AGCCUCACUCGUUUAGAUAGGUUCUCCUUUACUUAGCGUCCCCCACCCUCUGCCCCGUGCUUCGAAGGAGGCAAGGGCAUCGGCCCAAGGCCCCCGCGUCUUGCCCGGGAUGGCCGCACCGGGGCCUCUUGUCAGGCUCUGGUGCUUGACGCUGGUGGGGGAGGCUUGGCUAUGCAACGAGCCCGAAUCCUCGAAAAUCUGAAAUCGGCUUACACGCGCGAUAUCUUUAACGUCAGUGUGGAGGCCGGGGGCGGGAUUUCGGAGGGCUUAGCUGGGCUGGGUCCUAAGGCAGGGGGUAGGGGUAGAGGGUACCAGCCGUACUGCCA
0.576687116564,.((.......))..((..(...(.(((............((((.((((((((((...(((((......))))).((((.((.(((((.(((((.(..(((((((((.....(((.(((((((((((........))))))))))).....))).(.((.(((.(((((.((....))))))).....))))).)..(...)...((((((.....(((....(((....)))....)))...)))))))))))))))....).)))))....))))).))))))...)))))))))).))))....))).)......)..))....,0.149786342155,0.949062502565,0.906241257255,0.957488629296,0.989241596421,0.997746916365,1.0,0.421385278178,0.600786097487,0.631901840491,0.200642748963,UUCCCCAUAUGGUAGAAAGGCCUGUUUCCUGGUUAUGCAGGAAGUGGGUGCCUAGGGAUCGUAGCCCGGCGGUUACUGUCGACCGCGUUCGGGCAAGGGGGUGAGCUCCCCAGGGGUCGACCACCGUGUACCAGCGGUGGUCGACAGUGGCCUCAUGCCCUGUCUCUCUCUGCCUCUGGGAGAAAGACAGGUGGAUUCUGCGCAGCGUGCUUUUGCAGCGAGUUCGGCAGAGUCCGCUGCUGGCACGCGCUCGCCCCCGGUUCCCCGGGACACGCGGCCGCGGUUUUUAGGCACCUGCUUCCUCGUGGACUGGGGAGGCGUUAACU
0.576687116564,.((.......))..((..(...(.(((............((((.((((((((((...(((((......))))).((((.((.(((((.(((((.(..(((((((((.....(((.(((((((((((........))))))))))).....))).(.((.(((.(((((.((....))))))).....))))).)..(...)...((((((.....(((....(((....)))....)))...)))))))))))))))....).)))))....))))).))))))...)))))))))).))))....))).)......)..))....,0.182140394179,0.948076786913,0.899928230805,0.94626803444,0.981942175298,0.992206250438,0.996231043975,0.483648376049,0.555765586921,0.613496932515,0.256728342181,UUCCCCCCCAGGUUCGUUAAUAUACCUGCGUUUACUUAAGGGCGGCCUUCACGGGCAGAUUUCCUGUAAGAUUCUGGGGGGAGGUAUUUGCGUGGCACGCCCCCCGCAGCGGGCCUACAAUCGGGUACAAGGAGGCCUGGUUGUAGCUCUGCUAGGGCCGCGUCAAUCCGAAUUCUGGGUUGUUGAACGUGCCUGGUAAUAAUCGUGGUCUCCUCGGAAGCUGGCAGCGGCUAAGGUCUUACGACCGCCGGGGGGCGUGUCGUAUGCGCCGUGUACCUUCCCCGAGCCUGUGAGGGCGGCCCAGAAGGGCAGGAUGCGCGCGCGCG
0.576687116564,.((.......))..((..(...(.(((............((((.((((((((((...(((((......))))).((((.((.(((((.(((((.(..(((((((((.....(((.(((((((((((........))))))))))).....))).(.((.(((.(((((.((....))))))).....))))).)..(...)...((((((.....(((....(((....)))....)))...)))))))))))))))....).)))))....))))).))))))...)))))))))).))))....))).)......)..))....,0.178071590113,0.94799421439,0.901009691229,0.952513903037,0.984751895568,0.996995888487,1.0,0.52333256533,0.466277531255,0.613496932515,0.248931335747,CUGAGAUGUUUAUGCCUGUAUCGGCGCGCAAGUUUAUUUCAGGCCCCCGAGCCCCCAUAAGCGGUGCCGCUUAUGCCAACUCGCUCGAGACCAAAGUGUGGGGCCUAUACCAGGGUGGGUCAUGUCACCGGGAUGACAUGGCCUAAGGUCCCUCCUCCCUGGGGCCACACGAUCAUAGUGGCUGUAGUCAGGCAGUUUAGACCGGGGCCUCAAGGACCGUUCAUUCUCAGACUACUGGUGCGGGGCUCGGGCUCCACAGCCUGUGGUCUGGGCGGGCAGGUGGCACGGGGUUCGGGGCCCUGUAGAGCGGGUGAGCAAAGGGCAUG
0.576687116564,.((.......))..((..(...(.(((............((((.((((((((((...(((((......))))).((((.((.(((((.(((((.(..(((((((((.....(((.(((((((((((........))))))))))).....))).(.((.(((.(((((.((....))))))).....))))).)..(...)...((((((.....(((....(((....)))....)))...)))))))))))))))....).)))))....))))).))))))...)))))))))).))))....))).)......)..))....,0.21816175554,0.962366612118,0.907687670353,0.956841732088,0.984003612093,0.995493832731,0.997738626385,0.580416757313,0.559820846395,0.60736196319,0.257456962285,CUCCUCGAGUGAGGGCUCCCUACAUUUUGUAACACUUGGCAGUAGGGGUGGCGUCGCUUAGGCUCUAUCCUAAGGCCCAGCGCUCCCACCGCUGGCCGCUUCCGAGAGCUGCCAACCGAUCAGUAGUGAGGGCACUGCUGGUCGGACGAAUGGUAUGUUGUUUGUACUGAAAGGCGCAGUGCUCGACGACAUGAGCUCGAAAUUUAGGGGUUGUGUCGGGGCCCCGUGAGGACCUCUGGGAACCCCUACUCGGAGGCCCCCAAAGCGGGGCGGGGAGCGUGGGCGUCGCGCCAUCCCUAUUGUGAGAAACGUAUCUAUGGGCCGCG
0.576687116564,.((.......))..((..(...(.(((............((((.((((((((((...(((((......))))).((((.((.(((((.(((((.(..(((((((((.....(((.(((((((((((........))))))))))).....))).(.((.(((.(((((.((....))))))).....))))).)..(...)...((((((.....(((....(((....)))....)))...)))))))))))))))....).)))))....))))).))))))...)))))))))).))))....))).)......)..))....,0.128256532561,0.952879915057,0.907328184224,0.961216418335,0.989241596421,0.998497944244,1.0,0.622800930652,0.517335166186,0.601226993865,0.20551699758,UACCCCAGCAGUAGGGAUGCAACCGAACUGCGCCGCUCGGGUGCGGGGUCCGGCUAAUGGGAACAUUAUCCCGACAUGCGGCGCUUUCUUUCUGACUCCGGGCGUGUAGCGGGUCUCCAUGGCCGGAGGACGAUCUGGCCGUGGACUCCUGCCUAGCAGUCUUGGCCAGUUUCUGAAUGGUCUCACUGGGUGCCACGCCUCUUACAGGCUCGUCACCGUGACCGGUCUCCGACUCAUGGUUUAGCCUGUAUGCCCGGUUUCCUGGAAAGGGGGAAGCCCUCAUGAAGGCCGGGCCCCCCGCCAUUAUUCUGGUAUCAUGUCUAUGA
0.576687116564,.((.......))..((..(...(.(((............((((.((((((((((...(((((......))))).((((.((.(((((.(((((.(..(((((((((.....(((.(((((((((((........))))))))))).....))).(.((.(((.(((((.((....))))))).....))))).)..(...)...((((((.....(((....(((....)))....)))...)))))))))))))))....).)))))....))))).))))))...)))))))))).))))....))).)......)..))....,0.170148574929,0.943452029496,0.903220435445,0.954605058665,0.985217744122,0.993991776974,0.99849241759,0.613108265553,0.442250188247,0.647239263804,0.240788327147,UGGGGGUGCACUUGUCUGACAAACGCUGGUUAGUGGAGACGAUACCCCCGGGGCCGCGGUGGGCGUAACCGCCAGCGAGCGCGUGUAACGGCCAGGGUGCCGCGGUAAAGUUCCUCGCCCUCGGGUGUGAAUGCGCCCGAGGGCGGGAAGGGAACCAAAGACAGUCGCCUGUGAUCGGCGGCGGAUCGUCUUAGAUAGCCUUCCGGCCCUGAAUAGCCCCGAUGGUCGUUACGCUGGGCUGUAGGGUUGCUGCGGCGGCGAGUGGCCGGAUUUACGCUCGUCGCUUCGUCCCGGGGGUAUCGGACCGGCCACGUGCUAAAGAGAUG
0.576687116564,.((.......))..((..(...(.(((............((((.((((((((((...(((((......))))).((((.((.(((((.(((((.(..(((((((((.....(((.(((((((((((........))))))))))).....))).(.((.(((.(((((.((....))))))).....))))).)..(...)...((((((.....(((....(((....)))....)))...)))))))))))))))....).)))))....))))).))))))...)))))))))).))))....))).)......)..))....,0.12414361024,0.961250464657,0.909415283144,0.94872468114,0.98212558893,0.99117175178,0.995946530195,0.637438663049,0.518587361298,0.610429447853,0.184182122846,CAUUUUGUUAAUUCUCCAUGUGCAGCGAGGGUACCUAUAGCGCACGCUGGCCCGGAGGGAGACGAAGGUUUCUUGGCCUGUAGUCUCAGCGCCCCUAUCGGGCCGCUACACCUUUACUGUGGGCCGGACAGACCUGGCCCGCGGUUCUCAGGGUAACCUACGCUAUCAUGACGACAGUGAUAUGGUUCGUGGAUCAUGCUUAAUUCCGUCAAGGUGGAUAGCUCCCGUCGGGGGCGUCCGGGGGCGGAGCGGCCCGAUUGAUGGGCGCUUCGGAGAUUACGGCUAAUCGGGCCGGUGCGCGCAUGCCGCGCGGGGGCGAAGAUCGU
0.576687116564,.((.......))..((..(...(.(((............((((.((((((((((...(((((......))))).((((.((.(((((.(((((.(..(((((((((.....(((.(((((((((((........))))))))))).....))).(.((.(((.(((((.((....))))))).....))))).)..(...)...((((((.....(((....(((....)))....)))...)))))))))))))))....).)))))....))))).))))))...)))))))))).))))....))).)......)..))....,0.1249652242,0.939509717834,0.87943461297,0.93647712234,0.980728043269,0.994742804852,0.99698483518,0.595690108548,0.457727861401,0.650306748466,0.196228607922,GUCCCUUUACGGGCACUCGUUCCCGCCCAGCAAAUCUCGGGCCCAGGCGGACCUCCAGUGGUAUUUACGCCAUCAGGUUACGUAGGGCGGGGCCAGGGGCGGGGCCCACACGACCGGGCCGCUCGGAGCACUCCCCGGGCGGCCCUACCGGUCCUGUCCCUCUUUGAGAGCCUGUGGCUUGGUUACUGGGGAGCCAGAAAGUUAAUGCAAUCCCGCGGAACUCCUCCUCAGCCCGUUCGGUCUUGUGUGGCCCCGCUAGGAAUGCCCUAGGUCCCUAUGUGCCUCAAGGGUCCGCUUUGGCCCGCCGGCUACGCUCCAGUGUGAUC
0.576687116564,.((.......))..((..(...(.(((............((((.((((((((((...(((((......))))).((((.((.(((((.(((((.(..(((((((((.....(((.(((((((((((........))))))))))).....))).(.((.(((.(((((.((....))))))).....))))).)..(...)...((((((.....(((....(((....)))....)))...)))))))))))))))....).)))))....))))).))))))...)))))))))).))))....))).)......)..))....,0.094921440518,0.946187068728,0.903810576031,0.952368385241,0.989524031343,0.996995888487,0.999246208795,0.646506205037,0.507114399668,0.641104294479,0.162130655104,CGCCCCCCGUGCAGGCCUGUUGGCGGUGGACGGGUCGUCCUCUUGGGGGCGGCGGACGCGGUUAUAGGAUCGCUUACCUUAACACAGACCAUACAUAGUUCCCGGAUUCUGGGUCUGGCCGCCCGGUGAAAUAACUGGGCGGCCGGGCAAGCCUAGAGGGGGAGGCCACGGUGUGCUUGGCUUACUACCCUUAUAGCCCGCAUUACGCCGAAGGCUCUCUCGGGCAGGCGCUUCGAGGGACACGGCGUUUCGGGAGCGCGCGGUAUGGUCCACUGUGUUAGGUGAACCGCCGCCCCCCAGAGGCGAACUGGCAUGUUUCCGCGGAU
0.576687116564,.((.......))..((..(...(.(((............((((.((((((((((...(((((......))))).((((.((.(((((.(((((.(..(((((((((.....(((.(((((((((((........))))))))))).....))).(.((.(((.(((((.((....))))))).....))))).)..(...)...((((((.....(((....(((....)))....)))...)))))))))))))))....).)))))....))))).))))))...)))))))))).))))....))).)......)..))....,0.129684848759,0.956207224863,0.908932367361,0.961779230606,0.99176888177,0.999248972122,1.0,0.539892118415,0.431752872067,0.58282208589,0.204576995183,GCCUUCCAUCGGAAGGAGUUUCCUUGGCUGGAGAACUAACCUGAUUGUUCGCGUCUUGUUGCUUCCUGGCGAUAGCCUCAGACGGGGCGGACCCUCCCGGGUGCUCAUUGUCCUUUGGACUCCCUGGGGAUAUGCAGGGAGUCCAGCGGGAGGCUUUCCGGGAGUAUCUUCUGAAGAGAUACGUGUACCCGACAUAUCUAGAAGACCUGGGCUCAUGCCCUCCCAUAUAUGGGAAUGCACCGCCAGGUGAGCAUUCGCUCCAAGGUCCGGGCUCCCGACUGGGUCUUGCGCGGAUAGACAGGCACUCCACAUCCUCUUCCCCCGGA
0.576687116564,.((.......))..((..(...(.(((............((((.((((((((((...(((((......))))).((((.((.(((((.(((((.(..(((((((((.....(((.(((((((((((........))))))))))).....))).(.((.(((.(((((.((....))))))).....))))).)..(...)...((((((.....(((....(((....)))....)))...)))))))))))))))....).)))))....))))).))))))...)))))))))).))))....))).)......)..))....,0.186770641136,0.942932565105,0.903906075352,0.96038677559,0.990272314819,0.997746916365,0.999246208795,0.509633814299,0.470588214987,0.625766871166,0.248760139095,ACGGGGGCUGCGAUGUGGGAUGCCGGUUCCUGGUGCUUAGCCUCGGCCGAGGGCCCACCCCGCCCCUUUGGGGAGGGUUAUCCGGAAGCGACGCGUGUGGUCCCCUCCCAUGCGGAGUCGCGUGAUGUAUACAAAUCACGUGGCUAGCCUCGCUCGACCGUUGUAGGCCCGUCCUAUGCCUGUGUGAAGCGUUCAUAGACAAUUGCCGCUAAUUUCGUACUGUGCUUUCGCCGCUAGCGUAAAGCGGUAGGGGGCCACCCUGUCGUCGAUAUUUCCGUAUGCCCCGGGUCCUUGGCCGGGGCGGGCGCCUUGGUUCUUCCGCCAAG
0.576687116564,.((.......))..((..(...(.(((............((((.((((((((((...(((((......))))).((((.((.(((((.(((((.(..(((((((((.....(((.(((((((((((........))))))))))).....))).(.((.(((.(((((.((....))))))).....))))).)..(...)...((((((.....(((....(((....)))....)))...)))))))))))))))....).)))))....))))).))))))...)))))))))).))))....))).)......)..))....,0.0838186430006,0.944631446055,0.902153702539,0.954042246393,0.98774502947,0.996244860609,0.999246208795,0.566704159416,0.517202498586,0.641104294479,0.127633087563,CGGGGGGCACCCACCCUGUUGCAACCGGUGCUGCUUCGGGCCCUCGGGAGUCUGGGUAAGGGGGACUGCCCUUCCCUUUUCUUCGGUUGGAGGCCAUGCAAUCGCCUAGGCGGGGCGCGUCCAUGCCCGUCUUGGUGUGGGCGCGACGGGCUCAGGCAAGCCAAUCUCCCGCUAUGUGAGGUCGGAAGGCUGGCUAAUGAUAACUGGGCCGCAACGGGGGGGAGCUAAAGUGUCCACCCGUCGGUCUAGGCGAUUGCCAAGUCCCUCCAAAUACCGAGGAAAGGAUACGGGCUCCCGUGGGUUCGCCGGCGGUAGCAGCAGGACUU
0.576687116564,.((.......))..((..(...(.(((............((((.((((((((((...(((((......))))).((((.((.(((((.(((((.(..(((((((((.....(((.(((((((((((........))))))))))).....))).(.((.(((.(((((.((....))))))).....))))).)..(...)...((((((.....(((....(((....)))....)))...)))))))))))))))....).)))))....))))).))))))...)))))))))).))))....))).)......)..))....,0.114536651348,0.930823841485,0.892285897449,0.942441584802,0.97951391124,0.993240749096,0.99849241759,0.560138423636,0.465776284751,0.653374233129,0.177021102666,GGGGGGGCGGCCAGGGGUCUAUACGGCUCAGAAACUGCUCCCCCGCCCCCGCGCUGGUCUGUGGAGGAACAGGUGGACACCUGGCCUGGGCACAGCUCCCACCCACCUGACUCUCGUCCCACGCGCCCUCAACGGCGCGUGGGAUUGGUCGGGUAUGUCAAGACCACGAUUCCACAUUGUGGUCGGUCUUGCCAAAGUCUAUAUCCCUUUCACGUGCGGGUAUUCUAACGGACUGGCGCCGCGGAGGGGUGGGUGGGUGUGGUGUGCCUGACAGGCCCGGGUCCGGAGUGCGGGGGCUGGGGGCGUGCCUCGCAUGGAAGCUAAAU
0.576687116564,.((.......))..((..(...(.(((............((((.((((((((((...(((((......))))).((((.((.(((((.(((((.(..(((((((((.....(((.(((((((((((........))))))))))).....))).(.((.(((.(((((.((....))))))).....))))).)..(...)...((((((.....(((....(((....)))....)))...)))))))))))))))....).)))))....))))).))))))...)))))))))).))))....))).)......)..))....,0.121053436495,0.958559963763,0.910950936627,0.96159648507,0.991020598294,0.999248972122,1.0,0.575404737166,0.589812318936,0.588957055215,0.187123845863,ACUCCUCGGCGGCUGUGUACAUACGCUCACCAUCGAGAUUCUGGUCCGAGGCCUCGCCCCGAAUUUCAUCGGGUGUAGUGUCGGAGACUUCUUCUAAGGAUCCGCCAGUCCCCCCUGGUGCCUUGGAGAAGAAACCGGGGCACUGGAUGUGGGGGGAGGGAGUUGGUGGCUGGACGUCACUAGCACCCUCUUAUACUCGGUAGGCUCCGGCGGUUACACGUUCCUGACAACCUUCUUGUCACUCGGGGGGCGGGUCCGUCCUGAAGAAGUUCUCUCCCAUCUGCUGCGGGCCUCGGAGUAGAUCCUGGCGAUAUAGACUGAUCAAC
0.576687116564,.((.......))..((..(...(.(((............((((.((((((((((...(((((......))))).((((.((.(((((.(((((.(..(((((((((.....(((.(((((((((((........))))))))))).....))).(.((.(((.(((((.((....))))))).....))))).)..(...)...((((((.....(((....(((....)))....)))...)))))))))))))))....).)))))....))))).))))))...)))))))))).))))....))).)......)..))....,0.322353757988,0.94499364484,0.905907151565,0.955997513681,0.988775747868,0.996244860609,0.99849241759,0.392415649143,0.486661870838,0.613496932515,0.396938484035,AGGGGGUUGACCAGUGAUGUGGCUCCGAGGCAACUUGACAGACCACGGUGUGUCCGGUCGUGGUCACGCGCGAGUGGCUUUCCGGGCACUCUGCCGCUCGGGCACUCCCCCUCGGCGACGGGCGCCUCCGCGGCGGCGCCCGUCGGCUUAUGGAUUAUUCGAGGCCGCCACCUUGAGGCGGUUUUGAUCGGUUGGAACUAGAUCGGUCCUCCUUAUCCUCUUUGUGACUUGUAAUUGGGCUCAGGACCGGUGCCCGAUUCAUUUAGAGUUGCGCCCGCAGGUCAGAAGGCACGCCGUAGUCUUCCUCGGGAUCAGGUAUCCAACUU
0.576687116564,.((.......))..((..(...(.(((............((((.((((((((((...(((((......))))).((((.((.(((((.(((((.(..(((((((((.....(((.(((((((((((........))))))))))).....))).(.((.(((.(((((.((....))))))).....))))).)..(...)...((((((.....(((....(((....)))....)))...)))))))))))))))....).)))))....))))).))))))...)))))))))).))))....))).)......)..))....,0.318131975968,0.942820406373,0.894637435319,0.946206601581,0.981942175298,0.993991776974,0.997738626385,0.439334218753,0.476510067114,0.616564417178,0.356168530627,GGAGGGUGAUUCGACGGGCUGGAGGAUGUGUUAUGCAGGCCUCAGCGUCCUCGGGCCUGGUGGACCAGCACCAUACUCGGCUGGGCUGUGGCCCGGAGGCUGGGCCGACCCUCCCACUCCGAGGCCACUCCACUGGCCUUGGAGUGCCUCGGAUGCGGGUAGUGUACUGGUCGCCAUAGUACAAUCGUUGCCUGGAGCAUCUGGAGGCCUCAGUUGCUUCCCUUUCAAUGAGCCACGGCAGUAGGCUUGGUCCAGCUUACGAUGGCCAACCGAGCUCUGCGAGUUCGCUGAGGAUGCAGAGGUACAGUCCCUGACACUCCCGAAAU
0.576687116564,.((.......))..((..(...(.(((............((((.((((((((((...(((((......))))).((((.((.(((((.(((((.(..(((((((((.....(((.(((((((((((........))))))))))).....))).(.((.(((.(((((.((....))))))).....))))).)..(...)...((((((.....(((....(((....)))....)))...)))))))))))))))....).)))))....))))).))))))...)))))))))).))))....))).)......)..))....,0.143429193318,0.963943339774,0.921233619211,0.962060636742,0.988775747868,0.999248972122,1.0,0.595883982191,0.464209814288,0.601226993865,0.224858380645,UGGGGGCUGCCUUACGUGUCUGCGGAGCGGGGGAACCUAUGCUAAGUGACUGACCCCUCCAUGCGCAGAUGGACUGAAUCCCGGCGUCUGGGACUGGCACAGUGGACAACAUGGACGUAGAGCCUAGGACAGAAUGGGCUCUGCGAUGGUUCAGAUUGGUCCUCCGGGAACUUGCUACCCGGCUGCCGGGCGGAUGAGUUAUCGGCCCCGAGUUAGGCGCGGCUAAACGUGGGCCUGCUACGCGGGGCUUCACUGUGAACAAAUCCCAACGGGCGCCAGGUUCGGAAGUUAGUCGCUCAGCAUAAUCUCGGUACUAUCGUCGCACG
0.576687116564,.((.......))..((..(...(.(((............((((.((((((((((...(((((......))))).((((.((.(((((.(((((.(..(((((((((.....(((.(((((((((((........))))))))))).....))).(.((.(((.(((((.((....))))))).....))))).)..(...)...((((((.....(((....(((....)))....)))...)))))))))))))))....).)))))....))))).))))))...)))))))))).))))....))).)......)..))....,0.0913863503456,0.960069664399,0.913143631899,0.954407737466,0.98503433049,0.998497944244,1.0,0.64306984582,0.481409012281,0.598159509202,0.155944592934,GAUCCUUCCCGUUCGUGUUCCUUGCCCUACGAUCGAUGACGGGGGGUGGAUCCGGGACCUACGCUCUGGUGGGCGGUCGGCUGUGGUAGCCCUAGCUACGGGUUCUCUAUCCUUUCCACUAUGGAGAGCCCUGACUCCAUGGUGGUAAACAGGGAAGGGGUCGGCCUGUCUAAAAAUCAGGCACUCAGAUUCUUGAUUUGAUCCGCCCCUCACGGGGGCGAUGAGCUGGCAAGGUCCCUCCAAGGGGCGGAGCCCGUCUUGAAAGGGCCGGUGCCACAGCGACCAGGCGGAUCCACCCUCCGAAUAGGGUUGCCAGUAUUACAGUC
0.576687116564,.((.......))..((..(...(.(((............((((.((((((((((...(((((......))))).((((.((.(((((.(((((.(..(((((((((.....(((.(((((((((((........))))))))))).....))).(.((.(((.(((((.((....))))))).....))))).)..(...)...((((((.....(((....(((....)))....)))...)))))))))))))))....).)))))....))))).))))))...)))))))))).))))....))).)......)..))....,0.178431223147,0.928563599524,0.88018870519,0.92972987433,0.973612035778,0.990420723902,0.99698483518,0.594621971891,0.443990627507,0.662576687117,0.2330133813,GUCCUCCGUGGAAGAGGAUUCUAAAUGAUGCGCCAUAUAUGCUAGGGGUCCCGAGCGGGGGCGGUGGUGCCCUGCGUAGACACCUUGCGGCCACCUUCCUCGGGGGGGGAGGCCCGCUGGGCGGCCCCCCGGCCGGUCGCCCAGCUUGCCGGCGUAGCCCCGAUGGCCACGGACAAAGGCCAUCGGACGGGUAUAGUCUGUCCUGCCGGCUAGAAUGCAUGUAGGUAGACCGAGUGGCAUUUGCUGGCCCCCCGGGGCAAAGGUGGUCGAUGUAGGGGGUUACGUACUCGGGGCCCCCGGCGGGGCCGUACGUCUCGUUACUGUAA
0.576687116564,.((.......))..((..(...(.(((............((((.((((((((((...(((((......))))).((((.((.(((((.(((((.(..(((((((((.....(((.(((((((((((........))))))))))).....))).(.((.(((.(((((.((....))))))).....))))).)..(...)...((((((.....(((....(((....)))....)))...)))))))))))))))....).)))))....))))).))))))...)))))))))).))))....))).)......)..))....,0.232208387736,0.922976310708,0.876203050598,0.933067967177,0.975955907494,0.992489721218,0.999246208795,0.532131371537,0.389922022735,0.665644171779,0.261252937417,AGGGGGUCAUCCAGCGGUGGUGCUCGGCGAUAGGUGUGUGUGACGGGGCCCAGCCGAAGGCCAUGAAAGGCCUUUCAUGGUGGGCUGUGGCCGUAGUGGGGUCCGGCUAAGGUCCACUUCCCUCCGGGCCCCAACGGGGGGAGGUACCGUGAUUAGGCCGGCACGCUCAUAAAAAACGGGUGUCUCAGCCGUCUGCGGUGCUCCGGUCCUCAUUUGCCUUUCUGGCUUGCCGGGCCGGCAAUGGGGCCCCGGACCCCCCCCACCGGCUCAGACAGCCGACAUGACAGGCUGGGCUCCCUCACCAGCCCGAGAGCCAGCGACGUAGC
0.576687116564,.((.......))..((..(...(.(((............((((.((((((((((...(((((......))))).((((.((.(((((.(((((.(..(((((((((.....(((.(((((((((((........))))))))))).....))).(.((.(((.(((((.((....))))))).....))))).)..(...)...((((((.....(((....(((....)))....)))...)))))))))))))))....).)))))....))))).))))))...)))))))))).))))....))).)......)..))....,0.187190664595,0.94356631498,0.898190719365,0.950215796755,0.986714311073,0.997746916365,1.0,0.580304905661,0.514303501294,0.601226993865,0.243925449257,UUGGGGGGGCCAUAGGUUACCUCUGCUUACCAUGGUCGACCCUACCCGUGUGCGGGUUCGCAGCUCCCUGCGAUUGGCAACAUGGACGUUCCCAGCGGUGGGGCCGUUAAGUAGGUCUCCAGCCCCCCUUGGCCGGGGCUGGGGGCCGGCUUGAGGGGAGGUAGUCUUCAAUUCAUGAGGGCUUAUGGCCUCGUGUUUUAAACAGUGGCCUGGGCAUGUAUUUCUAAAUGGGUUCGUAUGCAGGCCGCCGGCCCCAUCCUCAGGGGAAUAGCGUCCAAGUGCCGCAGUGCGCAUGGGAGGGGGGAUAGCCCUUAGUAGGACCUAAA
0.576687116564,.((.......))..((..(...(.(((............((((.((((((((((...(((((......))))).((((.((.(((((.(((((.(..(((((((((.....(((.(((((((((((........))))))))))).....))).(.((.(((.(((((.((....))))))).....))))).)..(...)...((((((.....(((....(((....)))....)))...)))))))))))))))....).)))))....))))).))))))...)))))))))).))))....))).)......)..))....,0.103208092252,0.968774863329,0.924571118184,0.968025099204,0.992700578877,1.0,1.0,0.572790076103,0.551449264305,0.567484662577,0.197037538145,AGGGGGACAUCUAGUCACCUGGAAGAGAGGUGGUUAGUGGGUUUAUGCAAUGGGAAAGCCAGCUAUGUCUGGUUUACCUUGUGGACUAGCCGAUCGCUGGUAGGGACUUCAGCCCGGAGGCCAGGGGGCCCGCCCCCUGGCCUCCGUAACGGCCCGUCUUUGAUCUUAUCCGUAGGGUAAGACCGUCCGGGACCUCCAAGCAGCCACUGACACAUACUUCUGACGCCUGCCGAGGGGGUCUCUCGGUGUCCCUACCAGUUUACUUGGCGGGCAGUCCUCAGGUGCAGUUCGUUGCGUUAACUUAUACUCAGGAUUCAAACGGUUUA
0.576687116564,.((.......))..((..(...(.(((............((((.((((((((((...(((((......))))).((((.((.(((((.(((((.(..(((((((((.....(((.(((((((((((........))))))))))).....))).(.((.(((.(((((.((....))))))).....))))).)..(...)...((((((.....(((....(((....)))....)))...)))))))))))))))....).)))))....))))).))))))...)))))))))).))))....))).)......)..))....,0.0955813405414,0.961160684035,0.910552415101,0.954323652529,0.982507045142,0.996244860609,1.0,0.579843119574,0.488544901089,0.604294478528,0.165669380742,AUGGGGAGAACGAAUCAUAAACAUGACACGGAUGGCGUGGGCUAACGCGGCCUUCCCCCUCCAGCGUCGGAGGUCGUUUACUUCCCGGGCGGAGUUAGAGAGUGCCUCGCUGCCCCGUAGGGGGGGUGCUUCAACCCCCCCUGCGGACCGGGUUCGGUCGGCGCACCCACUCUGUAGGGGUGUGUCUGCCGCUUACUUCUCGACCGCCACUCUAUCUCUCUCCUCCGGGCCUGUCCGAGAUUGUGGUGGGCACUCUUACUAAGUCCGCGUAUUGGGAGGUGAUGGGAGAGGCCGCGUAAGUUUUCGGUCUCAAACCAUGAGAAGAA
0.576687116564,.((.......))..((..(...(.(((............((((.((((((((((...(((((......))))).((((.((.(((((.(((((.(..(((((((((.....(((.(((((((((((........))))))))))).....))).(.((.(((.(((((.((....))))))).....))))).)..(...)...((((((.....(((....(((....)))....)))...)))))))))))))))....).)))))....))))).))))))...)))))))))).))))....))).)......)..))....,0.134064870905,0.932181803913,0.886538703705,0.939839420305,0.980262194715,0.996244860609,0.999246208795,0.414552236358,0.462431266704,0.659509202454,0.198164393933,UGGGGGAUAGCUUACCUUGGAAAUGCCCUCCCGGUCCACUGCCGAGUCGGCCCUUACCCUUAGACAUGUAGGGCCCUGUGGUAGGGUCCGCCUCGUCGGGUCGCUGUAAUGGUAGACUGGUGUGGGCGCCGUUUCCCGCGCUGGUGUCGGUACAAUGGGCGGUGGCACUUCAUAUCCGUGCCUAAUCCCGCCCGCAAAAACGGACCCGGGGCGACGUGGGUUCUCCGCCGGGAAACCACGUACCCGGGCGGUGACCCACGUGCGGGCGAGACGCCCUUCCCGGGUUGAGGGCCGACUAGGCGCGUGGGUGCAGCCGGUACGGCUCU
0.576687116564,.((.......))..((..(...(.(((............((((.((((((((((...(((((......))))).((((.((.(((((.(((((.(..(((((((((.....(((.(((((((((((........))))))))))).....))).(.((.(((.(((((.((....))))))).....))))).)..(...)...((((((.....(((....(((....)))....)))...)))))))))))))))....).)))))....))))).))))))...)))))))))).))))....))).)......)..))....,0.31233100836,0.952571220182,0.909766817361,0.956180259217,0.987279180917,0.995493832731,0.99849241759,0.363241561729,0.446838069143,0.628834355828,0.317730673912,CCCCCCCUUGGGAAGACAGAGUUAGGUACCAUCAAAGUGGUCUCUCUGCCGGAGGACCCCGGCGCGACCUGGGGAGGCGGAUUCGCUUCUGGCACCCUGGCGCUGUUAUCCUCGGGCCCGGCCCCCGCAACCUAGGGGGCUGGGUAUGCGUGAAGGGCCGGCGUCCAGGCUGACGUCCUGGGGAUUCGCCGUGUCUAUACGUUUAGUGAGAUAUCGUACGCAAUCUUCGGACAUUUUAUGCACUUAUUGCGGCGCCGAGCCGCGCCGGUAUUGGCGAUUUGCCUCCUCUCUGGCAGGUGGACUCUCGCCCCACUCCUCACUCCGGC
0.576687116564,.((.......))..((..(...(.(((............((((.((((((((((...(((((......))))).((((.((.(((((.(((((.(..(((((((((.....(((.(((((((((((........))))))))))).....))).(.((.(((.(((((.((....))))))).....))))).)..(...)...((((((.....(((....(((....)))....)))...)))))))))))))))....).)))))....))))).))))))...)))))))))).))))....))).)......)..))....,0.110150335922,0.946172867102,0.900917965477,0.95543470141,0.986248462519,0.996244860609,0.99849241759,0.660935321883,0.433460077332,0.644171779141,0.185379318802,CCUCUUAGCCGGACCACCCCCGGCAUGUGCGAAAAAGCCUGCACGCCGCCCCCGGGGGCCAGAUCGAUCUGGCGGUGCUGUUUGCCUGGCCCUGCCCGCGGGGCUCCCUUCGGUUCUCACGGCGCUACCAGCCGGGCGCCGUGAGAGCGCACUGCUGAAUCCACACCCGCCCAAGACGGGUGUAACAGGAUCCAUAUGACAACAAGCCGUUUCCAAGAGGCUGAAGUUCUUCCAAGUCUUUCGCGGCUGAGCCCCGCCUUCUGAGGGCGCUCAGGCAUGUGCACAGUCGGGGGUGGCAUGCAGUGUCAUCGCUCUCCUGGUGACCA
0.576687116564,.((.......))..((..(...(.(((............((((.((((((((((...(((((......))))).((((.((.(((((.(((((.(..(((((((((.....(((.(((((((((((........))))))))))).....))).(.((.(((.(((((.((....))))))).....))))).)..(...)...((((((.....(((....(((....)))....)))...)))))))))))))))....).)))))....))))).))))))...)))))))))).))))....))).)......)..))....,0.166925261436,0.926034954744,0.881399396843,0.932139663833,0.975955907494,0.993708306195,0.997738626385,0.580760105439,0.505787036935,0.662576687117,0.230328300684,CUGGGGGAUGCAGUUGGAUCGCUGGGGGUGCGGGGCGUCCAGGAUGGCGGGGUCUAAGCGUUAAUGAGGACGCGUCUCAUCGGAGCCCUGCCGGUCUAGUUCCCGCGGGUCAGCCGCGGUGCUGUUAUUUGUGUAACGGCGCCGCUUGAUGCUGAGUGGCGGCCUCGGACGCUUGGUCCGGGGGCUGCCGCACCUGUUGUCCCUGUGGCUCCUUUGAGGGAGGUAUCCAUGCACGGCUUGGAGGCCGCGCGGGGGCUCCAACACGGCGGAGGGGCUCCGAGAGAGUGGGCUCCGCCGGCCUGUUGACCCGAGGACAAAGUCAAACA
0.576687116564,.((.......))..((..(...(.(((............((((.((((((((((...(((((......))))).((((.((.(((((.(((((.(..(((((((((.....(((.(((((((((((........))))))))))).....))).(.((.(((.(((((.((....))))))).....))))).)..(...)...((((((.....(((....(((....)))....)))...)))))))))))))))....).)))))....))))).))))))...)))))))))).))))....))).)......)..))....,0.198513571703,0.947398448366,0.904058659014,0.955350616472,0.989989879897,0.998497944244,1.0,0.609042896554,0.506297229098,0.628834355828,0.235416204582,ACGGGGCGAUCGGGGCAACUCCUGUCCACUAGGCCUUAAGCCUUGAGGAGGCAGGUCCGGGGGGUCUUCUCCGCUGGUCUGUACGGCGUCCUCAAUGUCCCGGUCGCACUGCUCUGAGGUGGCGGGAGCCGAUGCCCGCCGCCUCGUGGAGAGUUAGUCGGGGUUCACCUCGCCGGAGUGAGGCUACCUCGCUUUUAAACGUGGAAUCGCCCAGGAACGUCGAUUCGUCAGUCAUAGUUCCUGCGGUUCGGCCGGGAAUCCGGGAGGACAUUGCCGUAUAACCGCUUCUGUUUCCUCAGGGUUUCGGGAGUACGCUGCCCGCGGCC
0.576687116564,.((.......))..((..(...(.(((............((((.((((((((((...(((((......))))).((((.((.(((((.(((((.(..(((((((((.....(((.(((((((((((........))))))))))).....))).(.((.(((.(((((.((....))))))).....))))).)..(...)...((((((.....(((....(((....)))....)))...)))))))))))))))....).)))))....))))).))))))...)))))))))).))))....))).)......)..))....,0.116761004577,0.944031578676,0.898316651647,0.95059586349,0.986996745995,0.997746916365,0.999246208795,0.519360845901,0.554394582914,0.625766871166,0.199684861492,CGCCCUAUGAGCCCGGGAUGUAAGGACUGCGUGGUAGCAGCAAACACCCUCCCAAUGGGCUCAACUCUGAGCCUGGUCAAGGCCUCCAAGGUUGUACGCCGGCCUGGCGCGUGGGGCGUUGGCUCCGCCUAGGUGGAGCUGACGCGUGGGCCAUUCGGGGGCGAGGCGGCUAGAGCUCGUCUACCAAGCCUCUGGCUACGUCUGGCGUUCAGAAGGUCGCCCCUCCUUCUCAACAGGACCAGGAACGCCGGGCCGGCUGGUUCGGCCUAGUAGGGGGUCUGACUGGAUGGGAGGGUGAUUGUCUAAGUUGCUAAGAUCCAUUGCUU
0.576687116564,.((.......))..((..(...(.(((............((((.((((((((((...(((((......))))).((((.((.(((((.(((((.(..(((((((((.....(((.(((((((((((........))))))))))).....))).(.((.(((.(((((.((....))))))).....))))).)..(...)...((((((.....(((....(((....)))....)))...)))))))))))))))....).)))))....))))).))))))...)))))))))).))))....))).)......)..))....,0.20150845961,0.951139043812,0.907710349783,0.957404544359,0.988775747868,0.997746916365,0.99849241759,0.558722913734,0.445685911431,0.625766871166,0.260691563275,GACCCCCGUCGUGUCCGCUGAAGCGCCCGACUGCGAAGUGGCGUUGCCUCCGUUCUACUCUGUGGUAACAGGGGCCAUCGUUGGGGCCGGUACCAGGGGGUGUCCCCUUGCUAGGUCCCUGGCCCCUCCUGCAUGGGGCUAGGGAUUACGCUGAAGCUCUCUGGAAGGAUCGCGCGCCCUUUGUACGAGAGGCUGAUACAUCUCCGUGCGGUUGGUCCUCUUGCGGGGUCGAUUAUGGACAUUGCACGGGGACACCCAAACCUGUGCCUCAGGCCCCAACAUGGAAUGGCGGAGGCACCGCCUAGUGGUGGGUCUCCUCUGGCAUU
0.576687116564,.((.......))..((..(...(.(((............((((.((((((((((...(((((......))))).((((.((.(((((.(((((.(..(((((((((.....(((.(((((((((((........))))))))))).....))).(.((.(((.(((((.((....))))))).....))))).)..(...)...((((((.....(((....(((....)))....)))...)))))))))))))))....).)))))....))))).))))))...)))))))))).))))....))).)......)..))....,0.105185751926,0.95739551151,0.907652192883,0.959078405511,0.992234730323,0.999248972122,1.0,0.605919275798,0.505769240551,0.598159509202,0.191426311439,AACCCCUCAUGUCCCUGAUACCGCGCCCAAUUUUCGAGCGGGAUGCCGCUCGCUUUUACCCGCUUUGUCGGGUACCACGGGCGGAGGCGGGGCUCCGUACGCUGGGAACCGAGUCACUUACCUCCCGCAUAAUCGGGGGGUGAGUGUUCUGCUACGGAACCCGGCAGCAAGUCGCUUGCUGUUCAGCGGGUCGCGAAAAGCUUAAUUGUCUGGUCUGACGAGCAUUAGAGUGCGGCUCAUAAGAUGGUUCCGGCGUAGUGCUUGCCCUUUCGCUUCCCCCGUGGUCGAGCGAGUGGCCUCCCCUGAGGCAUGAGAAUCAUAGCGGA
0.576687116564,.((.......))..((..(...(.(((............((((.((((((((((...(((((......))))).((((.((.(((((.(((((.(..(((((((((.....(((.(((((((((((........))))))))))).....))).(.((.(((.(((((.((....))))))).....))))).)..(...)...((((((.....(((....(((....)))....)))...)))))))))))))))....).)))))....))))).))))))...)))))))))).))))....))).)......)..))....,0.136526337917,0.967369952662,0.926955432516,0.966632644188,0.99176888177,0.997746916365,0.999246208795,0.584889070868,0.512566147912,0.601226993865,0.217379668776,UUGGGGGUCACGAUCUCUGGCAGAGGCACCAUUAGAAUCUUGCGGUUAGGCGCUUAAGCAUGACGCCCCGUGUGUCUCGCACGGUCUUGCGGGUCCGGGCGCCGACCUUGUAGCCAGUGAACCCCCACAUAGGAGGGGGUUCGCUUAUCUGCUACCGCUGUGCCUUCCGUGAAGAGUGGAAGGCACGCGCGUCGUUACUUCGAGACUGGCGAAAUGGGUGGACCACUGAGCCAAACCCCAACGCCAGUGUCGGUGCCCAAAUUCCCGCUUCGGGACUCUGGAGGUCGAGCGCCUGACGGCAAUCUGGUUGCCCUAUACAUAGACCC
0.576687116564,.((.......))..((..(...(.(((............((((.((((((((((...(((((......))))).((((.((.(((((.(((((.(..(((((((((.....(((.(((((((((((........))))))))))).....))).(.((.(((.(((((.((....))))))).....))))).)..(...)...((((((.....(((....(((....)))....)))...)))))))))))))))....).)))))....))))).))))))...)))))))))).))))....))).)......)..))....,0.164447990095,0.956334473924,0.903937779253,0.948823341739,0.979796346162,0.991738693339,0.999246208795,0.627173559092,0.481179422115,0.628834355828,0.235180591663,CACCCUAUAGGUCGAGCGAAGAUUGCUUUAACGUGCAGGGCCCGACGGGCUCGGGCGAGGCUCCAGAGAGCCUUGGGGCGGUCGAGUAGGGGCCUGGGUUAUGGCGUAGGAUUGGGGCCACCGCCCAUAAAAAAGGGCGGUGGCCUCAACCAAGCGCCCGCGUUUCCGACGGACUUCCGGAGCACGUCGCGGCCCUUGGGACGCCUGGGGAGCGAAGCACAUCUCUGUAGUUUGAUGCUUACCCCCAGUGCUAUGGCGCGCUUGCCCCCAACGCUCGGCCCUCCAUUUCGGGCCCGUAGGGUUUCAAGUAUGCCUUCAAACUACCG
0.576687116564,.((.......))..((..(...(.(((............((((.((((((((((...(((((......))))).((((.((.(((((.(((((.(..(((((((((.....(((.(((((((((((........))))))))))).....))).(.((.(((.(((((.((....))))))).....))))).)..(...)...((((((.....(((....(((....)))....)))...)))))))))))))))....).)))))....))))).))))))...)))))))))).))))....))).)......)..))....,0.152088566184,0.946782004188,0.89794080955,0.950642720687,0.987462594548,0.996995888487,1.0,0.542654974823,0.521910120932,0.656441717791,0.193336676839,AGGGGGGCACCCGUCGAGGUUAGGCCACAAACUAGCACCCGCCAGCGGGUGGCUUGCCGAGACACGAUUCUCGGCCGGCGCUGCGCCUGGUCCUUCCCCGAUGCGUCAGCUAGGGAAUCCUGCGUCACUCAAGUGGCGCGGGAUUCAGUCCCUAUACUUGGGGGGGCGCGUUUGUUAUGCCCGCAUCCCCAGAUAAGGCGCCCGUGGGCCUGACUGCCUCAAACUCAGAGAGACGCGGUUGCGGCUCAACGCAUCGGCAAUGGGGACCGCGGGGCGUGGCCCGGGCAAGCCACCCGUUGGCGGGACUGGGUACAUGUUACUGGGAC
0.576687116564,.((.......))..((..(...(.(((............((((.((((((((((...(((((......))))).((((.((.(((((.(((((.(..(((((((((.....(((.(((((((((((........))))))))))).....))).(.((.(((.(((((.((....))))))).....))))).)..(...)...((((((.....(((....(((....)))....)))...)))))))))))))))....).)))))....))))).))))))...)))))))))).))))....))).)......)..))....,0.172517420185,0.928439900581,0.884709052488,0.946085288903,0.983255328617,0.996244860609,0.999246208795,0.533468794123,0.413978482372,0.653374233129,0.198146450332,UUAGGGUUAGUAACGCUCUAUUAGGAUGCUUAUGCGGACCCGUACCCGGGUGCGGAUGGGGCGGACAGGCCCCUACUGCAGAGGGCUAGGGCCUGGGAUCCGUCUAAGUAGGCGGCAGAGCCUACCUCUUCCCUGGUGGGCUCUGGUUUCCGCUAUCGGGCCGGCCCUAGCCUAGCGAGGGUCCUCCGGCCGAAGGGAGGAGAUCGUCGCGCUACGCCUCGGCUAUUGUUGGUCUUGGCGGGGCGGCGUGGGCGGAUGUCUGAGGCCCAAGAAGCCCACUCGGUCCGCGCGCCCGGGAAUGGGGAUAUCGCUACGCUCGCGCAAGG
0.576687116564,.((.......))..((..(...(.(((............((((.((((((((((...(((((......))))).((((.((.(((((.(((((.(..(((((((((.....(((.(((((((((((........))))))))))).....))).(.((.(((.(((((.((....))))))).....))))).)..(...)...((((((.....(((....(((....)))....)))...)))))))))))))))....).)))))....))))).))))))...)))))))))).))))....))).)......)..))....,0.150282978393,0.960059015852,0.913828199247,0.951341421298,0.984469460647,0.994742804852,0.999246208795,0.589493251373,0.532821208439,0.58282208589,0.238855705837,UCUUUUAUAAAGGGUGGAGACAGUGGGCCCGUGUGCCGGCGGCGGCCGGGGUAUCUACCGGUCUGUGAGCCGGUGGUUAGCAGUGGCUUGGAUCGUUUGUCCGCUGUUCGGAUCCCUUGGGGGGGGUGUCUUUACCUCCCCUGAGCCCUCGGUCAUCCCAUAGGGUAAGUCAUUUGGUUACCUCGCCUAUGGGAGCUUGAGGCACUAGCAGAGUUGGCACUUCAUUAUUGCCACCCGCUAAAUGCUGGCAGUGGGCACGGUUUAUCCAACAUGCCACCGCGACCGUUGUAUCCCGGCCGCCGGCCCCCUUAAACCGAAGUUAGACU
0.576687116564,.((.......))..((..(...(.(((............((((.((((((((((...(((((......))))).((((.((.(((((.(((((.(..(((((((((.....(((.(((((((((((........))))))))))).....))).(.((.(((.(((((.((....))))))).....))))).)..(...)...((((((.....(((....(((....)))....)))...)))))))))))))))....).)))))....))))).))))))...)))))))))).))))....))).)......)..))....,0.141133762373,0.953118578924,0.903020864474,0.956278919817,0.988775747868,0.996244860609,0.999246208795,0.388691488618,0.572139292624,0.625766871166,0.230860359729,CUUCCCGGUUGAACCCAUAGCAAUGCGGUUUUGAAGACAAUGGCGCGGGUGCGCCUGGCUUAGAGUGAUGAGCAGCCAUGGAGGCGCAGACGCUCGCCGGCGGUCUACCGCCUGGGGUCCCCAUAGUGCGACAGCUGUGGGGGCUGCGUGCGGUGGGCCAGGGGGCACGCCUCCGAUGUGCCGUUGACCUGUCCAUCCUGUUUAUAUGGACCGGCAUGGGUAAACUAAUCAGUUAUCAUCGCUCCAUGGGGCUGCCGGCUAGGGCGUUCAUGGCGCUACUUGGUCCAGCGCACCCGCGCCAUUCCCCGCACUAGACUAAAGGGCGG
0.576687116564,.((.......))..((..(...(.(((............((((.((((((((((...(((((......))))).((((.((.(((((.(((((.(..(((((((((.....(((.(((((((((((........))))))))))).....))).(.((.(((.(((((.((....))))))).....))))).)..(...)...((((((.....(((....(((....)))....)))...)))))))))))))))....).)))))....))))).))))))...)))))))))).))))....))).)......)..))....,0.158886466665,0.950710030982,0.902527916185,0.947050819988,0.985782613966,0.997746916365,1.0,0.563666377381,0.479101694259,0.61963190184,0.249135544546,AUCCCUAACUGGUUCCUGUGUCUUGCUGAAUCCUUACCGUGGGGGCGUUAUGGGGUCUCGGCACGGACGUCGGGUCAGACUUGCGACACCCCAAGCACCCGGGGGGCGAGGGCUCGGCCUCGCCGCACGAUUACGUGGCGAGGCCUAUUUGGUCUGAGGGCCGCCGCUCUGGCAAUGGGCGGCGUCAGGUUUUCGCUCUCACGGUGGUCUAUUUAGACCCCCCAUUAUCGUGUGACGUCACCAGACCAUCCCCCGGGUGUGAUUGGGGUGGUGUCGCAGGUUGAGUGCCUAUGACGCGCCCAAAUGAGCGAAGCUCUGGUGGAAGC
0.576687116564,.((.......))..((..(...(.(((............((((.((((((((((...(((((......))))).((((.((.(((((.(((((.(..(((((((((.....(((.(((((((((((........))))))))))).....))).(.((.(((.(((((.((....))))))).....))))).)..(...)...((((((.....(((....(((....)))....)))...)))))))))))))))....).)))))....))))).))))))...)))))))))).))))....))).)......)..))....,0.155445964889,0.947110264924,0.89802164588,0.944799570903,0.975673472572,0.988734581826,0.99246208795,0.62164848589,0.471687108069,0.641104294479,0.215468006261,CAGGGGGAUCCUCGCUACGAGACCCGUCCCGGAAAAUAUCCGGGGCCGGCCCCGGUAGCAGGUCCACCCCUGCUUAGACGUACUGGGAGCGUGAGUGGCCUCCGGCGAGACUCUCUCCUAGUGGGGCGGGAUCCCCCCACUGGGAGGUCCGGAAUGUAAAUGGGCCUUGUGCACGAUGGGGCCUCCGCAUUAACCUCCGUGCCAGGGGCGGAUAACAGGGUCAACGACUGUUAAAGCUGAAAUGCCCCGCCGGGGGCGUCUAUCGCGCUUUACCCAGUACUCUAGGUCGGGGCCGGCCCCGGGUCUGCGAGUAAGGUGUUGGUGAC
0.576687116564,.((.......))..((..(...(.(((............((((.((((((((((...(((((......))))).((((.((.(((((.(((((.(..(((((((((.....(((.(((((((((((........))))))))))).....))).(.((.(((.(((((.((....))))))).....))))).)..(...)...((((((.....(((....(((....)))....)))...)))))))))))))))....).)))))....))))).))))))...)))))))))).))))....))).)......)..))....,0.155684544366,0.967180863038,0.922978660528,0.958051441568,0.985966027598,0.995493832731,0.997738626385,0.579781599745,0.531444336685,0.601226993865,0.219620191972,UGGGGGUGUACCACAGCUGAUUCGACGGAUAAAAACUCGAGCACUAGGGUCCUGGACGCGCGGGAAGGUGUGCAAGGUAGAAUCCCAGGGCCCGAUCCCUGUGCGCGGACCGUGGUCAACCGGCUGAGAAUGAGCGGCCGGUUGGUUACUCAUCCUUCCUGCCUUGAGUAAAGAGUCUUCAGGUGGGGCGGAUACAAAACAUGGUCGCCACUAGUGGGAGGGCGUACCUGGAUAACCCUCAAUGGCGGGCGCGCGGGUUUCCAGGGCCCCCGUGGGAUUCACCUCGGUGGGACCCUACUGCUAUGCCGUCUGUUUUGCUCCUUCCG
0.576687116564,.((.......))..((..(...(.(((............((((.((((((((((...(((((......))))).((((.((.(((((.(((((.(..(((((((((.....(((.(((((((((((........))))))))))).....))).(.((.(((.(((((.((....))))))).....))))).)..(...)...((((((.....(((....(((....)))....)))...)))))))))))))))....).)))))....))))).))))))...)))))))))).))))....))).)......)..))....,0.133006595429,0.973918739057,0.926007434251,0.96709679586,0.993265448721,0.997746916365,0.999246208795,0.556339811119,0.628127097568,0.573619631902,0.217748393905,CGCCCCGUGCGUGUAGGGUGAACCGGCAGUACGGUGGACGUUAGGGGGUUUCUCCACGCGGGUGCAGGCCCGCUUGUACUAGGCCGUGGAGGUAUUACGUCCGAUGGUAGGCCCUUAGCAGGGGUCGCGACCUCGACCCUUGCUAGUACUGGGGAGAUCGGAGGUGGGCAAUCUCGCCCCACCUUGAUCUGUGUUUUAAAGCAAUUUGCUUGCCAGCUUCAUUGCGUUCCAUAAACGGUUUUGGCGGAUGUCGGGCGUGGAGUGCCUCACAUACGGCUUGUACAUGCGAGAAACCUCCUGAUCCUAGCCCUCUUAUUGGACUUCUG
0.576687116564,.((.......))..((..(...(.(((............((((.((((((((((...(((((......))))).((((.((.(((((.(((((.(..(((((((((.....(((.(((((((((((........))))))))))).....))).(.((.(((.(((((.((....))))))).....))))).)..(...)...((((((.....(((....(((....)))....)))...)))))))))))))))....).)))))....))))).))))))...)))))))))).))))....))).)......)..))....,0.272689260217,0.955101565543,0.90514807135,0.952551130778,0.985966027598,0.998497944244,0.999246208795,0.59097092587,0.441217153242,0.61963190184,0.35605604455,GGUUUUCCUGACGGGCAGCUGGAUAGUAAGCCAGCGUGCCGUGACUGGCUCUCCCAGUGUGUUGAAUGGCGCACUCCCGUAGGCGCGACCUAAGACACCCUCCUUGUACGGUGCCGGUGUACCCCUCUCUGGACAGGGGUACGCUCAUAGGCGUAUCGGGGCAAGACCGGUGAACAUGGUCUGUCGGGCCCGGGGAGUAAACGUAGGGAAGCUGUGCCGCUUGGCGACCGUUUAUGGGCCACUUCCCUCAAGGGGGGCUGACGUUAGGGGUGCGCGUUUAGGGAUGAGGAGAGCUAGACACGUAGGGCUGCCCCUUCUGCGCGCGU
0.576687116564,.((.......))..((..(...(.(((............((((.((((((((((...(((((......))))).((((.((.(((((.(((((.(..(((((((((.....(((.(((((((((((........))))))))))).....))).(.((.(((.(((((.((....))))))).....))))).)..(...)...((((((.....(((....(((....)))....)))...)))))))))))))))....).)))))....))))).))))))...)))))))))).))))....))).)......)..))....,0.142095906429,0.944401252732,0.905264320624,0.956841732088,0.989524031343,0.997746916365,1.0,0.518149255458,0.528156491321,0.628834355828,0.200036745539,UCUUUUCAAAAGGCACCCGCUGGAGCCGACCGUGAAUAGGCUAUCCGCCAUCUAGAUACCAGCUCGUGUUGGUACACGCGGUCUCUGAGGGCUUCCUGUACCCUGGGCGGGCGGGGGUUCUGGCCCUCGUUCCUGGGCCAGAGCCUCUACCUGUGACCCGCCCGAGGGUUACAGAACCCCUCCAAAAGGUGGAUCGGCUCUUGGGAGAGGGAGCUCGGCGAGCGUGCCGAUCUAAGCCGUCCCCUCUCCCGGGGUAUAUGCUCAGCCUAUCUCGGAGCCCCGUGUGCUAGAUGGCGGCUAGCAGCCGGCGGCAUCUCGAAGUCCUC
0.576687116564,.((.......))..((..(...(.(((............((((.((((((((((...(((((......))))).((((.((.(((((.(((((.(..(((((((((.....(((.(((((((((((........))))))))))).....))).(.((.(((.(((((.((....))))))).....))))).)..(...)...((((((.....(((....(((....)))....)))...)))))))))))))))....).)))))....))))).))))))...)))))))))).))))....))).)......)..))....,0.137016813793,0.972907668934,0.918271746692,0.961413739533,0.993265448721,0.999248972122,1.0,0.610278411526,0.508537502242,0.58282208589,0.222268614789,CGCCCCACGGGCCAGGUCUUGAAAACAUCUCACCAUACAGCGGGCCGAUGUCGGGGGGUCUCAUUCCAGAGACGUGUAUGGCGCCGUCUCCCACACCGCUAUCGCGCAUCGGAUCUUCAGGCUAGGUGGAUGCGCCUGGCCUGAGUUACGGUUUACGUUUCACUCCGCAAAGCUUCCGCGGACCUUAUGAGCAGAAACUUCCAACAAAGUUCUUCACCUCGCGCUACAAAUGUUUGGGUGUAGCUUUGCGCGAUGGCGCUAAAUGGGGUGUCACGGCCCCUGCAUUCCUGACGUCGGUCCGCCUCCUGUCAGAGGGUAAUCCGCGC
0.576687116564,.((.......))..((..(...(.(((............((((.((((((((((...(((((......))))).((((.((.(((((.(((((.(..(((((((((.....(((.(((((((((((........))))))))))).....))).(.((.(((.(((((.((....))))))).....))))).)..(...)...((((((.....(((....(((....)))....)))...)))))))))))))))....).)))))....))))).))))))...)))))))))).))))....))).)......)..))....,0.101212439047,0.93861187097,0.890103433063,0.94080495139,0.975955907494,0.98694905529,0.991708296745,0.558918733806,0.39168767873,0.644171779141,0.168087704569,AUCCCUUAAUGGUCGGUACGGUUCUAAGCUAGCGAGCAGGGGGUCGGGCCCCUCCCCGGUGUCGAAACGCGCCCGCGUGUCGGAGGACCCCGGUGUCGAGGGCGGCAGAGCAGGGGCCGAAGGCCCCCCAACAUGGGCCUUCGGUAGCCGCCUUCUGGGGAGGCAGCGAAGAUCUCGCGCUGUGUGGCUUCCUAAAGUAUGUGGGGGGAGCUCGUGGCGCCAUUCGAAUGAUCAUUGCCCCCCUCCCCGUCGCCCUCUGAAUCCCGGGACUUUCCUCGGAACGUAUAGAGGGGCCUGCCCCCCGCAUUGCGUCUACUUAACCUUUC
0.576687116564,.((.......))..((..(...(.(((............((((.((((((((((...(((((......))))).((((.((.(((((.(((((.(..(((((((((.....(((.(((((((((((........))))))))))).....))).(.((.(((.(((((.((....))))))).....))))).)..(...)...((((((.....(((....(((....)))....)))...)))))))))))))))....).)))))....))))).))))))...)))))))))).))))....))).)......)..))....,0.166530438028,0.932827604243,0.893025856161,0.948260529468,0.983721177171,0.993240749096,0.997738626385,0.549027869591,0.475346277295,0.668711656442,0.241867674679,UUGGAACGUGUAAUUCUCAGUCUUGUGCCGCGUUAAGAUGGUGAUGGAGGUGCAACGAGAGCACGUAAGCUCUUGGCCUUGGGGGGCCCCGGCUUGAGGGCUCCGGCGUCGUGCCGCCCACUCCCUCUGCGAGGAGGGAGUGGGCGCUAUGCGGGGUCCUGUGUCCCCAACCGGAGCGGGGGUCAACGCGGAGCCGGGGGUGGUGGGCGCGCCUAACCGCAAAGCAUAGCGGAUUAGGUAAGGCGCCCUCGGAGCCCAGCCCGGCCGGGCGCGCCCCACAGGCCGCAUGCACCUCUACCGCCAGAUCGCCUCAGUCACAUGGCCAA
0.576687116564,.((.......))..((..(...(.(((............((((.((((((((((...(((((......))))).((((.((.(((((.(((((.(..(((((((((.....(((.(((((((((((........))))))))))).....))).(.((.(((.(((((.((....))))))).....))))).)..(...)...((((((.....(((....(((....)))....)))...)))))))))))))))....).)))))....))))).))))))...)))))))))).))))....))).)......)..))....,0.195981221592,0.924937867064,0.881663361172,0.938676568023,0.982789480064,0.996244860609,1.0,0.549334562456,0.429129437534,0.687116564417,0.256924191532,CGCCUCCAGCGCACCCGGGUAGGGGGGAAGGCAUGUAUUCGCAGGUGUGGGGCAACCCCGUCCUUGCCGACGGAUCCCCGGAAACGGGGCCCCUAUGCGGGGUGAGUACCGGCUUCCGCGGGGGGCUCACCGCAGCCCCCCGUGGAGAGGAGCCCGUCCAGGAGCUGCGGUGACAGAGCGGCUAACCCCUGAGCCAGCCUCCACCACGUUUGGAUCGUGUUUACGAAGACCCCAUGACGGUAAGCGUGCUCGCCCCGGUACUAGGGGCGGUCCCGUUACCGGGAGCCUGCCCCACGCCUGCGGAAGCCCCAUGCUGUACGGGGCAA
0.576687116564,.((.......))..((..(...(.(((............((((.((((((((((...(((((......))))).((((.((.(((((.(((((.(..(((((((((.....(((.(((((((((((........))))))))))).....))).(.((.(((.(((((.((....))))))).....))))).)..(...)...((((((.....(((....(((....)))....)))...)))))))))))))))....).)))))....))))).))))))...)))))))))).))))....))).)......)..))....,0.177722351107,0.94060348779,0.892452136069,0.938577907424,0.97941488995,0.993991776974,0.997738626385,0.644427702609,0.383365787592,0.60736196319,0.224030540452,CGGGGGUAGACCCCGCUUCGUAAGACUUUGAUUACUAAAGGCCCCCGGCGGGGCCCCCGCUUCUCCGAAAGCGCGCUACGGUUGGGCAAGGCCAACCGGGGGGAGACAAAAGGCUGAGACGGCGGCCCUCGUAAGUCGCCGUCUCUAACGGCUUGAGUUUGCGUGCUCCAAGAUAACGAGCGGUGAAGCGGCUUCUGACUAGAAGAGCCUGCUUGUCCGCUAAUGAAGGCAUCUCCGGACAUAGGCUCUCUCCCCCCGUCUGCGGCCUAUAGGCCCACCCUGGCUAGGCCCCGCCGGUGGCUUAUGAGUAUUUGAGCCUAGCUAUA
0.576687116564,.((.......))..((..(...(.(((............((((.((((((((((...(((((......))))).((((.((.(((((.(((((.(..(((((((((.....(((.(((((((((((........))))))))))).....))).(.((.(((.(((((.((....))))))).....))))).)..(...)...((((((.....(((....(((....)))....)))...)))))))))))))))....).)))))....))))).))))))...)))))))))).))))....))).)......)..))....,0.13884199687,0.961575009987,0.914531888097,0.958051441568,0.992517165245,0.997746916365,0.999246208795,0.616686034293,0.451166146307,0.573619631902,0.22769422175,UGCUCCAUAGGCAUUCAUAUCGUACCUAGAAGCAAAAUUGCCGCCGGCCUGCCCCAGUAUUUAGGUCGAAAUAUUCCCCGGUUAUUAAGUUCUGGUGGCCGCCUGCGUGACGUUUGGGGGAGGGGGCGAAUCGACUCCUUCCCCCAUAGAAGCAUGGUUGGGCACCAAGCGGACACGUUGGUUAAAGCCCGCACCUCUAAAUAGGGCGCCUCCUCAGCACCGCCAAGAUAAUGCAAGCUUCUGGCGCUGCAGGCGGCCCCUAUAGGAUUAUGUGAUGGCUGGGACAUGGGCGGGCUGCCGGCCGGGGGGUACAUAACUCGGGGAAU
0.576687116564,.((.......))..((..(...(.(((............((((.((((((((((...(((((......))))).((((.((.(((((.(((((.(..(((((((((.....(((.(((((((((((........))))))))))).....))).(.((.(((.(((((.((....))))))).....))))).)..(...)...((((((.....(((....(((....)))....)))...)))))))))))))))....).)))))....))))).))))))...)))))))))).))))....))).)......)..))....,0.121042481287,0.934902887413,0.886537608667,0.942380151943,0.98503433049,0.997746916365,0.999246208795,0.587887416848,0.44759037983,0.656441717791,0.189458485365,CUCCCCCCAUGAACAGAUAUUUAUCGGCAUGCCUGGGUGCUUGAGGGGCCGCGUCUAGCUGUACGUCUAUGGUCCGGGUGUAUGGCGACCCCCGGUACUCCUGAGGUAAGGGCGGGGGUGCCGCCCCCAGGUUUGGGCGGCGCCCUACUCCGCGAGGAACCCGGCGCAGCGGUCCCGUGCGUGACAGGGGUUCCUGCUCUAUUUGGGCGAAACGGCGGCGAACGUGGUUGGAGUGCCCGAUGUCGCCCCUUCAGGAGCACAAGGGGGGUCGCCGCCAUGCUCCGAAGGCGCGGCCCCCCGAGGUUUUCGAUGAUGAGCAACUGGUU
0.576687116564,.((.......))..((..(...(.(((............((((.((((((((((...(((((......))))).((((.((.(((((.(((((.(..(((((((((.....(((.(((((((((((........))))))))))).....))).(.((.(((.(((((.((....))))))).....))))).)..(...)...((((((.....(((....(((....)))....)))...)))))))))))))))....).)))))....))))).))))))...)))))))))).))))....))).)......)..))....,0.127174011557,0.937996193005,0.893035953192,0.94322437035,0.982972893696,0.995493832731,1.0,0.610953482804,0.454210173833,0.653374233129,0.194398977019,CUGGGGUUCGCGCCCGGUGGCCGAAGGGCUAAAUGUUGGGGCGCGCCGGCCGCCCGUGGGCGGGACCUCGCCUUCCUGAGUACGAGCAGUGGUGAUCCUGGGUCCGCAUGGGGUCUAAGUACCUGCCCUAGUCAGUAGGUGCUUAACUCCGCCGCUGCCUGGUAUCGCUUCUCCUGGGCGAUAGACCCCGGCUAUAAUUUGUGACUCGCUAACUCCCGAAGCUGUGGCCACAUAUGUGGCAGGGCGGGUGGGCCCAGCGUAUGACCAUGUUGGCUCGGACCAGGCUGGGCGGUCGGCCCGCCGAGCCUUUGGAAGCGGGGCGAGAG
0.576687116564,.((.......))..((..(...(.(((............((((.((((((((((...(((((......))))).((((.((.(((((.(((((.(..(((((((((.....(((.(((((((((((........))))))))))).....))).(.((.(((.(((((.((....))))))).....))))).)..(...)...((((((.....(((....(((....)))....)))...)))))))))))))))....).)))))....))))).))))))...)))))))))).))))....))).)......)..))....,0.122982115166,0.938673253682,0.898979137502,0.95042274741,0.981476326745,0.995210361951,0.99849241759,0.618085258511,0.514405770936,0.659509202454,0.189291088426,CUCCCCGUGAGGAUUGCCCAUUUCGCCACCCCCCGCAGACCCCUGACGCCCCUAGGCUGUGACUCUCCUCACAGAGUGGGGGGGGGUGUGGCGGCUCGCGGCCCGAAACCAGCUUUCCUUCGGAUGUGCCGGCACGUUCGGAGGGCCACGAGUUUGGCCUGGUUCGUUGCUGGCAGUAGCGGCUUGCCCAGCACAUAGAGGCGUCAGCGGCUGUCCCCUCGACCCACAUGGGAGCCGGGAAACCGCUGUCGGGCCGUUCCAUCCGCCAGUUCGCCCCCCCUACUUAGUAGGGGCGUCAGGGGCUAUGGCGAUUGCGACCCUAUCUU
0.576687116564,.((.......))..((..(...(.(((............((((.((((((((((...(((((......))))).((((.((.(((((.(((((.(..(((((((((.....(((.(((((((((((........))))))))))).....))).(.((.(((.(((((.((....))))))).....))))).)..(...)...((((((.....(((....(((....)))....)))...)))))))))))))))....).)))))....))))).))))))...)))))))))).))))....))).)......)..))....,0.149615866057,0.936921666465,0.888455170019,0.947233565524,0.982408023852,0.992636306661,0.996231043975,0.547226377467,0.532191402714,0.631901840491,0.202447181912,AGGGGGCGUACCUAGGGCGCCCGAGAUCUAAACGAAUAUACCCAGCGCUCGGCGGUCGUCCGAGCGGUCGGAUCUCUAUCAGGGGGCGCCAGCCUGGUCCGCGCUUGUCUCCUCCCCGUGCACUACCUGCGUUGGUGGUGCACGGAGUUUGGGAAUAGGGGGGGGGGGAGGCCGUGGCCCCCCGCUGCCUCUUAUAACCCGCCCUGGGAGAACAUCGGGGUCUUCACCGGGUCUGAUCGUUUUUCCCGGAGCGCGGAACGUGGGCUGGAAAUGCUCCUUGUGGAAACCGUCGGGCGCGGGGUAAAUAUCAAAUAUUACCCCCAGGU
0.576687116564,.((.......))..((..(...(.(((............((((.((((((((((...(((((......))))).((((.((.(((((.(((((.(..(((((((((.....(((.(((((((((((........))))))))))).....))).(.((.(((.(((((.((....))))))).....))))).)..(...)...((((((.....(((....(((....)))....)))...)))))))))))))))....).)))))....))))).))))))...)))))))))).))))....))).)......)..))....,0.195867258071,0.914223038802,0.863596554083,0.920721747778,0.975024210387,0.993991776974,0.997738626385,0.615233429781,0.454949953634,0.680981595092,0.235635409359,GGCCCCGCGGGCCGGGAUAUGCCUAGUAAUCCAUUCCUGCUGGACCGGGGGGGCCCACGGCCUUCAUCGGCUGGGGCCGACAGCUGGCGCACGGUCCCCGGCUGAUAGCUCAGGGACUUUAGGCCACAAGGGGCUGGCCUAGAGUGUCGGCCUGUGUGGGGGUCGGGGACCCGAUCACCCCGCCGAUCCUCAGUUCAAAUGUUAGGUGGGGGUAAUGCCCAAUCCUCAGGGGGCGGGCGUCCCCCGCCGUCAGCCGGGUGGGCUGUGCAGGUCUAGCCGUGGCCAUUGCCCCCCCGGUCCAGGUGAGCUGUACAAUGUGCCCGGUC
0.576687116564,.((.......))..((..(...(.(((............((((.((((((((((...(((((......))))).((((.((.(((((.(((((.(..(((((((((.....(((.(((((((((((........))))))))))).....))).(.((.(((.(((((.((....))))))).....))))).)..(...)...((((((.....(((....(((....)))....)))...)))))))))))))))....).)))))....))))).))))))...)))))))))).))))....))).)......)..))....,0.124004629997,0.941524776687,0.896121255365,0.954140906992,0.987279180917,0.994742804852,0.99547725277,0.489217911678,0.468231235554,0.638036809816,0.193607509867,ACGAAACACAUGUGCUUUGCUGUUCCUAUAUGACACGCUGCGCGGCCCACCGUGGUGGACGACUCGUGUCGUCUGGAGUGUUUCCUCUCGCCGAUACCGCACGGGUUGUGUUGCCGCUCGCUGGGCGCGACACAGUCCAGUGAGCCGCAUGCACCUGGGUGCGGGAGGUUGGAGAUGCCUCCCCUAAGCGCCAAAGCUCCAACAGUCGGCUAUUAGGACGCCUGCUUCUGCGUUCUUCCCGGGCCGGCGCUCGUGCGCCGGGCCGGCGCUGAGGGGAUACCUCCUGCCACGGUGGGUUGCGCUGCAAGGAGUGGAAGGACAGGUUG
0.576687116564,.((.......))..((..(...(.(((............((((.((((((((((...(((((......))))).((((.((.(((((.(((((.(..(((((((((.....(((.(((((((((((........))))))))))).....))).(.((.(((.(((((.((....))))))).....))))).)..(...)...((((((.....(((....(((....)))....)))...)))))))))))))))....).)))))....))))).))))))...)))))))))).))))....))).)......)..))....,0.295189852796,0.957456485205,0.90640016438,0.955533362009,0.988210878024,0.996995888487,1.0,0.542198099998,0.447229553576,0.604294478528,0.29750300376,AGCCCCAUUAGUAAGGGUAAGUCUGGGACUGUCUUCUCUGCCGGUGCCAUUCCUCACGCCUAGCGCAAUGGGCUGGGGGUGGGGCGGACCGAGCGGCCGGGCGUGGACAAGGGAGACCUGUCUUUCUCUUUACCGGAAGACGGGUAAACAUCCCACGCCCGGCCGGUCUCGAUAGCAGACCGAAGGUCCGGCCGAGAUUUAUUUAAGCAUCUGUAUUCCCGACGCACUUUAUCGGAGGAGUAAUGCUUCCGCGCCCGAUGACGCUCGGUAUGCUGCCACACCCCACCGGGAGUGGCAUUGGCACUACCCCGAGCGAGCGUCCGAAA
0.576687116564,.((.......))..((..(...(.(((............((((.((((((((((...(((((......))))).((((.((.(((((.(((((.(..(((((((((.....(((.(((((((((((........))))))))))).....))).(.((.(((.(((((.((....))))))).....))))).)..(...)...((((((.....(((....(((....)))....)))...)))))))))))))))....).)))))....))))).))))))...)))))))))).))))....))).)......)..))....,0.0920123173092,0.943966039251,0.89061616139,0.940653464498,0.979979759794,0.995493832731,0.99849241759,0.587455407535,0.409064536075,0.644171779141,0.158934366839,GGGGGGUAGACUACUGCUGGUGGGUCUAUAAUGAGGACGCUGCGGGGCGCCCCAACCUGGUCGAACUUGACUGUGGGGGGAUAGGCCGGACCGAGCUGCGCCCUCGACGUGCUCCGAGCGGCCCUUACAUGAACGGGGGCCGCUCCACGGGGGUUUCCCAGGAGCCUCCACGAUAUAGAGGUCGGACCCUGGUAAAUAUAGGGAUGGGGGUGGAUGUGCGGGAGCGUCAGCAGUCACGCCUACCCCCACGAGGGCGUCUAGUUCGGUCUAGGGGCCUCUCCCCUGUGUGGGGCGCCCAGCAGCUUGAGAGUGCAGGACAACAUCAG
0.576687116564,.((.......))..((..(...(.(((............((((.((((((((((...(((((......))))).((((.((.(((((.(((((.(..(((((((((.....(((.(((((((((((........))))))))))).....))).(.((.(((.(((((.((....))))))).....))))).)..(...)...((((((.....(((....(((....)))....)))...)))))))))))))))....).)))))....))))).))))))...)))))))))).))))....))).)......)..))....,0.155032853203,0.931412678101,0.888383358161,0.948359190067,0.988775747868,0.997746916365,0.999246208795,0.370383155922,0.463663645335,0.665644171779,0.236741638633,CCCUCCUGCCGGCGCCCCUCACCCGCGGACCUAGAAUCGGGCCCAUGGCCUCUCCGUACCCCAGAAGCGGGGUUGGUGGGGUGGCCCAACCCUGUAGGGUGCUGCGUUACGUAGAGGGCGGGAGCCGUCUUUCUGGCUCCCGCCCUCUUUUUACCGGCCGCCACAGGCUAAGCCAUCGCCUGGAAGAGGCGUACGCAACGCGGGGCGCACAACCCCGGUAGGCAUAGUUGAUAGGUUCGGGUGUGCGCCGUAGCGCCAGGAUCAGGGUGACGGGGCCUCCCAUCGUAGGGGGGUCGUAGGCUAUGACGUUUAUCCCCGCUGGCUCC
0.576687116564,.((.......))..((..(...(.(((............((((.((((((((((...(((((......))))).((((.((.(((((.(((((.(..(((((((((.....(((.(((((((((((........))))))))))).....))).(.((.(((.(((((.((....))))))).....))))).)..(...)...((((((.....(((....(((....)))....)))...)))))))))))))))....).)))))....))))).))))))...)))))))))).))))....))).)......)..))....,0.206195591126,0.961228122853,0.914668115792,0.957770035432,0.985500179044,0.996995888487,0.999246208795,0.485966389618,0.565789450047,0.601226993865,0.28476169966,CUUCCCGCAUGAUCGGGGAGACUUUCUUAUGUCCCGUAAGGCCGGCACAGCCGGGCUGUCCCGGUGCCGGGGCUAGUUGAUCGCGAGCGGGCUUGAUCCACAUUAGGUCGGUCCUGGUUAUGGGUCAUGUCUGGGACCCGUAGCUGAUGCGGGCCGAGGGGCACGCUGACCUGAGUACGGCGAACGAGCUCUGCCAAGUUCCGUUCGGCUACAAUCAGUGAAUAUGUACAUGCUUUCUGUAGGGCUGACUGGUGUGGCCUAGCAGCCUAUCCUUUGCCGUAACUGGCCUGGUUGUGCGGGCCCUGAGGACGAAUCCGCGUCUCAGG
0.576687116564,.((.......))..((..(...(.(((............((((.((((((((((...(((((......))))).((((.((.(((((.(((((.(..(((((((((.....(((.(((((((((((........))))))))))).....))).(.((.(((.(((((.((....))))))).....))))).)..(...)...((((((.....(((....(((....)))....)))...)))))))))))))))....).)))))....))))).))))))...)))))))))).))))....))).)......)..))....,0.120775583481,0.969381273106,0.923199217954,0.964578716301,0.989241596421,0.997746916365,0.999246208795,0.660012902784,0.484056122759,0.58282208589,0.200694263693,GGCCCCACGUGCAAAUCUUUUUAACAGUAGGCUGUGUUUGGCAGGGGGGCAGGGGCUGCAGAGAACCCUCUGUACGUAGGAGUCGCGUCGAGGUGUAUGUCCCGCCUUUCCUCGGAUAGCGGCGCUAUGUGACGGGCGUCGCUGUCGCUCCGAGUUCAAUCAAGGGGGACGACUGGUCUCCUCAGCGUGAUGCAGUUGGAAUAGGGCUUUGGAAAGGGGGCUCCCUUGAGGGUAAUCCCCAUAAGGCCGGCGGGAUAGUAUGGCCUCGAUUACGCGAAUCUGCGGAUCCUUGCCCCCAUGCCGUAACUGACAGCCUACAUAUGGCA
0.576687116564,.((.......))..((..(...(.(((............((((.((((((((((...(((((......))))).((((.((.(((((.(((((.(..(((((((((.....(((.(((((((((((........))))))))))).....))).(.((.(((.(((((.((....))))))).....))))).)..(...)...((((((.....(((....(((....)))....)))...)))))))))))))))....).)))))....))))).))))))...)))))))))).))))....))).)......)..))....,0.178386478168,0.94102387042,0.893482534587,0.945742449909,0.984003612093,0.996244860609,0.997738626385,0.394947044666,0.500310000315,0.647239263804,0.22243328757,GUUUUUCCUAAAAAGGACGCCUUUGGGACACGCCGGCACGUGGAGGCGGACUCCUGGUCCCACUGCCAUGGGGACGGUCCCUGGCCUCAUGGGCACACGCUGGCCGCUAUGGGCCACUAGGCCGUCCCUUAGGGGGCGGCCUAGUCUCUGGCCAGCGCCUCUGGGCUCAAGUAUCACGAGUUAGAUAAGAGCCGCCCGCCACGCCCCUCCCGAUAUCAUGGCGUCCCGUGAUUUGCUGAACAGGAGGGCGGUCAGCGUCACACCCCGUAUGCAGGUUCGGAUCGACGGGAGUCCGCCCCCACGUGGCCCAGCUUACUAGGCCGUGC
0.576687116564,.((.......))..((..(...(.(((............((((.((((((((((...(((((......))))).((((.((.(((((.(((((.(..(((((((((.....(((.(((((((((((........))))))))))).....))).(.((.(((.(((((.((....))))))).....))))).)..(...)...((((((.....(((....(((....)))....)))...)))))))))))))))....).)))))....))))).))))))...)))))))))).))))....))).)......)..))....,0.244412563676,0.95173175241,0.902741077589,0.953578094721,0.98774502947,0.997746916365,1.0,0.411357744597,0.497093023256,0.628834355828,0.253207794159,UCCCUCGAUGGGUGUGUAAAGAGUUGUAAUAUACGGGUCGUGCCGUGGCUCCGGGUUCCUGGGGGCAUCUAGGACCCUCCGCCUAUCAGCGGCAGAGUCGCUGCCCAGUGUGCCCGCCCCAUCUUGGGUACAGCCGAGAUGGGGCACCGGGGCCCCUGAGCCGGCGCCAGUUGGAGCGGCGCGCUUAGGCUGGGCUGCUCCGACUCCUUUUAAUAGCCUUGACCCGUAGGGUCGCAGGUUGUAAAGGAGGGCGGUGACAUAGAGCCGCCACCGAUGGCCGAGGGGCACUGGAGCUGUAGCGCACUUGCAUCAUACCACAUCAAGGU
0.576687116564,.((.......))..((..(...(.(((............((((.((((((((((...(((((......))))).((((.((.(((((.(((((.(..(((((((((.....(((.(((((((((((........))))))))))).....))).(.((.(((.(((((.((....))))))).....))))).)..(...)...((((((.....(((....(((....)))....)))...)))))))))))))))....).)))))....))))).))))))...)))))))))).))))....))).)......)..))....,0.209099382266,0.955565784035,0.907112813175,0.95180557297,0.985500179044,0.994459334073,0.99849241759,0.617714335443,0.405871089424,0.628834355828,0.275623711996,ACUUUUUCCGAGAUUGGGUAAAAGUCUUUUGCCAGGCGUUGCUGGGUUCGGUUCUUACCCGCGUCGACGUGGGACCGGGGGGGGGACACGUGGUUUGGGUGCGGCAACAAGUUGGCAGCCCGCCCAUAUAUAGAUGGGCGGGCUGGCCCACGAGCUUCCUGGCGCGCCCUAAUCCUUGGCGCGACGUCCAGACAGGGGGACGCCUCUCAUCAAGUGACCCACACGCGACCGGCUACGUCAGGGUGAGAUGCCGCACUCUGUCUCCACGGCCUGUCCCGCCCCGGAUAGAGCCGGACCGGGCGUCUAGGAGGGACAGAUUAUGCUUC
0.576687116564,.((.......))..((..(...(.(((............((((.((((((((((...(((((......))))).((((.((.(((((.(((((.(..(((((((((.....(((.(((((((((((........))))))))))).....))).(.((.(((.(((((.((....))))))).....))))).)..(...)...((((((.....(((....(((....)))....)))...)))))))))))))))....).)))))....))))).))))))...)))))))))).))))....))).)......)..))....,0.200008833749,0.950638002104,0.90962433073,0.947233565524,0.97670419097,0.988734581826,0.996231043975,0.608623097477,0.488461518899,0.641104294479,0.248988816522,GGGGGGCUACCCGCGCAACCAGCUGGUCUCGCAUGACAUGCAGUCCAGCCUGUCUUUGCCGUGCUUCAGCGGCAGACCAUUAGUCCGGACGGCGUGUGUCGGGAGAUCAAGGAGGGUCCGGAUCGGAGGCUAACCUGGUCCGGGCCGUGCCUCGCUUGGGGGGCUGAUUUUAGGAGGGUCGGGCCGACCCCAGACCGCACGUCAAUCUGGAAGAGCACUCCCCGCGGUAGUACCUAGUGCUCCCGGGUUCUCUCGAUAGGGUUGCCGUCAUCCGGACCGAGGUCAUUGGCGGGCUGGUCUGCACUGACUUACCCCCUCCAGCCUCU
0.576687116564,.((.......))..((..(...(.(((............((((.((((((((((...(((((......))))).((((.((.(((((.(((((.(..(((((((((.....(((.(((((((((((........))))))))))).....))).(.((.(((.(((((.((....))))))).....))))).)..(...)...((((((.....(((....(((....)))....)))...)))))))))))))))....).)))))....))))).))))))...)))))))))).))))....))).)......)..))....,0.119311389143,0.928614124712,0.88257282114,0.940607630192,0.982690458774,0.992489721218,0.996231043975,0.618777014333,0.45067135553,0.638036809816,0.183233706152,UGGGGGAGGGCCCCGGAGCCAUGCUGGAGGGAUUGCCUAACCCUGGCGCCUCCCCCCGCUCGAUCUAAUGGGCACCACUUAGGCCCAAUGGGGUUUCUAACACCCGUCAGGGUCCUGGGUUCGGCCUUGGCCUUGGCCGAGCUCAACGUUGGCACGUAAGCCGUGCCCAUGGUAAUUGGGCAGGAGGGGCUAAUUUUCAACAUUGCGGCGUGCAUAGGGGACGUGCGCCCGCUCGGCCUUAGCGCCGCUGGGUGUUGGGAUCACCCCACGAAUGGGCUUGGUGGCUGGGGAGGCGCUAGGGUGAACCCGGAUGUGUCUUCCCUGUC
0.576687116564,.((.......))..((..(...(.(((............((((.((((((((((...(((((......))))).((((.((.(((((.(((((.(..(((((((((.....(((.(((((((((((........))))))))))).....))).(.((.(((.(((((.((....))))))).....))))).)..(...)...((((((.....(((....(((....)))....)))...)))))))))))))))....).)))))....))))).))))))...)))))))))).))))....))).)......)..))....,0.0719536901563,0.950323655053,0.902159961475,0.954005018653,0.984003612093,0.996995888487,0.99849241759,0.548638507713,0.549129361791,0.622699386503,0.146757450565,AUUUUUACAGAGCAGCACAUGUCUGGCCCAUAUCUUUCGUCCAUGGUCAUCUUGGAAGAUCUUUCUGGGGGUUAUAUCCCGCGUAGCCAGGGGUAUGCCCGAGCUAGCACACUGGGGAUGGCGGCGCGAUCUUGCGCCGCCAUCCAGAAGCAGCGUGCCGGGUACGUACGGAGGGCCUGCGUCCGCGCCCGUCGGACCCGUAACUUGGCUGCUCUCCGAGCGCUUACGAAUCUCAGCGGCCGAGCCGAUGGCUCGGGUGACCUCCCCUAGGCGCUACGCGGGUAAGCCGAGAUGACCCUGGACCGAGCCGACCGGCGCUUGUAAUG
0.576687116564,.((.......))..((..(...(.(((............((((.((((((((((...(((((......))))).((((.((.(((((.(((((.(..(((((((((.....(((.(((((((((((........))))))))))).....))).(.((.(((.(((((.((....))))))).....))))).)..(...)...((((((.....(((....(((....)))....)))...)))))))))))))))....).)))))....))))).))))))...)))))))))).))))....))).)......)..))....,0.127631610872,0.952271124255,0.905932532004,0.951988318507,0.988210878024,0.996995888487,0.999246208795,0.62364815296,0.521242856937,0.598159509202,0.193239880412,CUGGGGGGGACGACGGCUCCCCAGUGGUAAGUCGUCAUUCCUUUUCCUCACAUAGAUUGGCGUGCUCUUGCCAUCUCGCCUGAGCGGGAACUGGGAUAGGAGGGGAAUGUGUCGGGGGUGACCUCCGCAGCGUGGGAGGUCGCCUACCACCGGGUGCUUUGACUCCUGAAUGGAGAACGGGGUAAGAUCAAGGUAGCGGUUUUAUCCCCAAGAGCUGGUGAUCCACUGCUGGUAGUCCACCUUGGGGGUCCCCUCCUCGUUAACAGUUGUUGCUGCUCGGUGGGAUUUAUGUGGGGGUGAGGACGCCCGUCAACGACGGGCCCCCA
0.576687116564,.((.......))..((..(...(.(((............((((.((((((((((...(((((......))))).((((.((.(((((.(((((.(..(((((((((.....(((.(((((((((((........))))))))))).....))).(.((.(((.(((((.((....))))))).....))))).)..(...)...((((((.....(((....(((....)))....)))...)))))))))))))))....).)))))....))))).))))))...)))))))))).))))....))).)......)..))....,0.103675959325,0.956329779879,0.909746903467,0.949948966281,0.986530897441,0.996995888487,1.0,0.61936375011,0.535372821149,0.585889570552,0.181059455285,ACCCCCAUGAGGAACCGGUGGGGUGGUCGUGGUCGCAUACACGCGCCGGUCCCCCGUACGUGGGGAUUCACGUGCCUUUGCAGGCUUGACGGUUACUGGCAGGUGACUCUAGGGAUUGGCCUCCGGAGCUUGGCCCGGAGGCCGAGGUUCUCCGUCAGGUCCUACCGAUCUUGCGGUUCGGUGGCGUGGACUGGAAAACAAGAUAUCCCCAAAUACUGUGUGUUUUAAAAAACUUAUAGCAUGGGGGUUUACCUGCUAGGGCGGCCGUGUUUAAGCCUGCAAGGGAUGGGGAUCGGUCUGUGUGGAACCUUCUGCCUACCGGGAGC
0.576687116564,.((.......))..((..(...(.(((............((((.((((((((((...(((((......))))).((((.((.(((((.(((((.(..(((((((((.....(((.(((((((((((........))))))))))).....))).(.((.(((.(((((.((....))))))).....))))).)..(...)...((((((.....(((....(((....)))....)))...)))))))))))))))....).)))))....))))).))))))...)))))))))).))))....))).)......)..))....,0.188925462783,0.960040193983,0.908725464894,0.951341421298,0.983255328617,0.996244860609,0.99849241759,0.528032422129,0.516825406514,0.625766871166,0.251631392102,AGGGGGCUAGCCGUGGACUGCGCCGCGUGGCUCAAUUAUGCGGAGCACGAGGCCCCUCCGGUGUGAGUGCCGGAUCCCGGGCCCGGUGUGGUUCGGCAGGUGUGUCAAGGUGCCCCUCCCAGCAAAUAUAGUUCUUUGUUGGGAGUAAGGGGCCACUGGGGGAGCCGAUGUCAGACAUUGGCCACCAUCCCAAGACUGCCUUACCCUGGUCUAUGCGCCCCGACUGAACAGUUUGCGCGAGUACCAGGGACGCAUCUACGUAGGGCUAGUCCAUCGGACUGGGAUCCGGCCUCGUGCACCGCGUACUGUGUGGGAGCAGGCUCAGU
0.576687116564,.((.......))..((..(...(.(((............((((.((((((((((...(((((......))))).((((.((.(((((.(((((.(..(((((((((.....(((.(((((((((((........))))))))))).....))).(.((.(((.(((((.((....))))))).....))))).)..(...)...((((((.....(((....(((....)))....)))...)))))))))))))))....).)))))....))))).))))))...)))))))))).))))....))).)......)..))....,0.147552843958,0.951929383097,0.911605493049,0.958234187104,0.985500179044,0.993708306195,0.99849241759,0.600811270152,0.501978911871,0.625766871166,0.204533036023,CGUCCCAAAUGCUACUGGUAACCGUGACGAAUUGCCUUAGGCCACUUCCACCACCACCCGUAGUUACAUGCGGUGCGGAGCAGCUAGAUGUGUAACGCGUGCCAGGGGAGGGGUUGCGGCCUGUGAGACAAGCCUCGCAGGUUGUGCACGACCACCCGGCGCGGUGCCAAGAGCGUAGGCAUCUGAAGUGCGCGACUCCGAGUGUGGGGCCCCCCCGAUACCACCCUCUUACAAGAUCGUCGGCCCCACCUGGCGCGGGGGACACACAAUCUCUAGUAGCCCGCCCUGUGGUGGAGGUGGCCCAAGUCAUAGCGAGGGGUAGACCU
0.576687116564,.((.......))..((..(...(.(((............((((.((((((((((...(((((......))))).((((.((.(((((.(((((.(..(((((((((.....(((.(((((((((((........))))))))))).....))).(.((.(((.(((((.((....))))))).....))))).)..(...)...((((((.....(((....(((....)))....)))...)))))))))))))))....).)))))....))))).))))))...)))))))))).))))....))).)......)..))....,0.166199393566,0.929983360233,0.885050489674,0.940059393583,0.988027464392,0.996995888487,1.0,0.621991765079,0.424799088957,0.647239263804,0.206029206729,GGGGGGACUCCCCUUUUGAUGCAGCCCCACAUCCUAUAGGGCAGCAGGCCCAUCCAUAGCCCAAGCUUGGGCUACCCCGUCGGGGGCUCCCUUUGGUUAGUCGCCCCGGGCAGGAGCGUCUCCAGGAGUCGUUCCCUGGGGGCGCUUCUCUCUUUUCGGCCCGGGCUGAACCAGGUGCGGCCAAUAAGGGCGCAAUAGCGCCUCGCCGGGUCCAUGCCACUACCUCUUAGGGUGCGGGCUCUCCCGGCGGGUGGCUAGUACACAAGGGAAAAGCCUCAGGGGGGAUUGGUGGGCCUGGUGCCAGUAGGGAUUGCCGUGUAAGUCGC
0.576687116564,.((.......))..((..(...(.(((............((((.((((((((((...(((((......))))).((((.((.(((((.(((((.(..(((((((((.....(((.(((((((((((........))))))))))).....))).(.((.(((.(((((.((....))))))).....))))).)..(...)...((((((.....(((....(((....)))....)))...)))))))))))))))....).)))))....))))).))))))...)))))))))).))))....))).)......)..))....,0.105339830286,0.972470065657,0.924532082787,0.968869317611,0.992517165245,0.997746916365,0.999246208795,0.604860139196,0.620826712196,0.521472392638,0.188476904231,UGGGGGGUCACCACUGCCAGUUGGGCUUAUACAAUCCCCGUCUCCGGUAAUGUGGUUACUUGCUACUCUAGGUCUCCCUAGUAUAGGGCGCCGGGUAGGUUGAGCGAUUCGUAUUUCGCGGAUCUCGCUAUAAUGAGGUCCGUGAAAGGAAUACUAGGGAGGCGCCUGUCUAUAUCUCGGGCCAAGGCCUCCAUGACCAGCGACUCUUGUCUAUUCAGUACACAUCGAUUCCAAAAUUGAUUGCGAGAUGCUUGGCCAGCAUACGGUGAUUUCCUGUACUGGGACUCCACAUUGCCGUGGGCUCUAGGUGAGAAUAAUCGCAGGUG
0.576687116564,.((.......))..((..(...(.(((............((((.((((((((((...(((((......))))).((((.((.(((((.(((((.(..(((((((((.....(((.(((((((((((........))))))))))).....))).(.((.(((.(((((.((....))))))).....))))).)..(...)...((((((.....(((....(((....)))....)))...)))))))))))))))....).)))))....))))).))))))...)))))))))).))))....))).)......)..))....,0.164898345267,0.94391804553,0.89900128352,0.945986628304,0.979231476318,0.992957278316,0.999246208795,0.567239478484,0.500651081377,0.634969325153,0.228284249399,CUGGGGACGCCAUGGCGUGAAAGGCCGGGAGUAGACCUGCUCUGCCAGUCAUUGGUCCUGGUGACGGUACUAGGGGGUCGGUUGCGUUCCCGCGCGUUCCGCCUUCCUGGCGGCCGGGUACCGGUCUCCGGCUAGGCCGGUGCCCCAGGAGCUACGGUUUGGCGGCUAGAACAAAUUUGGUUCCGGCCCGACUUACACCGUCCAUUGGCUUAUUCUUGCGUUUCAGGGAUGAAUACCGAAUCGGCCGAGAGGGCGGGCCUCACGCGGGCAUCACGCAUCCAUCCUGCCAAUGACUGGGAGGGAAGACGGCCGGGGCAUGGGUACCA
0.576687116564,.((.......))..((..(...(.(((............((((.((((((((((...(((((......))))).((((.((.(((((.(((((.(..(((((((((.....(((.(((((((((((........))))))))))).....))).(.((.(((.(((((.((....))))))).....))))).)..(...)...((((((.....(((....(((....)))....)))...)))))))))))))))....).)))))....))))).))))))...)))))))))).))))....))).)......)..))....,0.082894215041,0.953131851173,0.900626453111,0.946830846711,0.981292913113,0.993240749096,0.99698483518,0.491453326422,0.50797702632,0.631901840491,0.149161487255,GUGAGGCUCGUAACAGCCAACCGAGGUAGAAAUAUUCAAGGAGCGCAGCGAACGGCCUGGGCACUCGCGUUCGCUGGGUGUGGGGGAUACCCCCAGCCCUGGGGGGAGUCGGGCUGGCAGCUGGAGUGAAACAUCUCCGGCUGCUACUACGCUAGGUUCUGGGCCUGGCAAACUUUACCGGGAAACGCCGGACUAUUGCUCGGGGCAGGCGAAGACGCGUAUUACCCGAGUCCGUGGCGAAUGUCUGCCCCCCCAGGCAGAGGGGGGUGUGGUCCUCCAUCCCGUACCGUUCGCUGUAUUCUUCCGGCCCCUGGCCACAUCUCCCC
0.576687116564,.((.......))..((..(...(.(((............((((.((((((((((...(((((......))))).((((.((.(((((.(((((.(..(((((((((.....(((.(((((((((((........))))))))))).....))).(.((.(((.(((((.((....))))))).....))))).)..(...)...((((((.....(((....(((....)))....)))...)))))))))))))))....).)))))....))))).))))))...)))))))))).))))....))).)......)..))....,0.240884387156,0.965896733316,0.918424330354,0.961961976143,0.986714311073,0.996244860609,0.999246208795,0.378441973876,0.631259504182,0.576687116564,0.313836631932,CGAGAACGACUCAAUGCCUGAUUACCGAAGCACAUUGAUGGUAAACGGACGCCUCUAGUUGGAGUUGACCAACUGGUUGGGCUGGGAUCCGGCCCUCACUUGCCUGCGCUAUCUUAGUUCCUCGUGCGGGGAGGCACGAGGGGCUCAGUUAGGGAGACCUCUGGUUGAGUUAGUUAGUUGGCAGAGGAGAGUCUCGGCAUAACCCAUGGGCGUCCCCGAGCAUAAUUCACCCCACGCGGGAGUCUAUGUAGGCGGGUAUGUAAGCCGGGACCUCCUACCUAGCCUGGGGGUGUCCGUCUGCCAUACCGGCCCAUGCGAUAUACCAG
0.576687116564,.((.......))..((..(...(.(((............((((.((((((((((...(((((......))))).((((.((.(((((.(((((.(..(((((((((.....(((.(((((((((((........))))))))))).....))).(.((.(((.(((((.((....))))))).....))))).)..(...)...((((((.....(((....(((....)))....)))...)))))))))))))))....).)))))....))))).))))))...)))))))))).))))....))).)......)..))....,0.243853742554,0.94890375049,0.902656747858,0.949287493411,0.982690458774,0.995493832731,0.999246208795,0.432352501968,0.629579370862,0.613496932515,0.296039612526,AUUCCCCGUGGAAGUCUUAAGGUAUCAUUGGUAAGCCAUUAGCCGCCGGUGUGUCACGGUCGAGGAUGUGACUUGGUUUCCCGAUGGAGCCACGUGAGGGGCCGGGUGCCGGCUUCUCGUCGGUACACGAAGCCGUGCCGGCGGGCACAAAGUAUUGUUGCUCCGGCGGAUUUAGUAUGCCGCCAAUAGCGCUAUCGCCUGUCGGCGGGGUACGCCCGUGUCCGUGGGAUACUAAGUGGGCUCCCCGUCCCGGCCCUUUAUACGUGGCGGGACCAUCAGGGGCUCGGGUACACUGGUUGCUGUCGAUGGCCUUCUGUCGCGAGGUC
0.576687116564,.((.......))..((..(...(.(((............((((.((((((((((...(((((......))))).((((.((.(((((.(((((.(..(((((((((.....(((.(((((((((((........))))))))))).....))).(.((.(((.(((((.((....))))))).....))))).)..(...)...((((((.....(((....(((....)))....)))...)))))))))))))))....).)))))....))))).))))))...)))))))))).))))....))).)......)..))....,0.114713508157,0.929930416981,0.885250060645,0.940204911379,0.981193891823,0.996995888487,0.999246208795,0.586560177767,0.436416184971,0.659509202454,0.184734325997,AGGGGGCCAUCCACCCAACAAGAGGCUGCAACUGCGCCCUCCCUUGGCUGCCAAAGGCCGGGGUGUCCCCCGGACAGCUCCACGGGCUGCCUUAUUCGUGGGCCCCACACCGGCCGGUGGCCUCGGCGGGCCCGCCGGGGUCGCCAUGCGGCUUAGUUCUUGAGUGCGUAUAUGAGUCGCGCUUCAGUAGGGCCAGUUCUUAUCGUGCGUGCUUAGCGGGUUUACGUACGUAGGGGCGCAGGGCGCGCGGGGCCCACUCGCCGGAGGCUUAAGCCCGGGGGUUGUAUUUGGCAGCCGAGGGAACAUAGCGGCCGAUACAAGGACAA
0.576687116564,.((.......))..((..(...(.(((............((((.((((((((((...(((((......))))).((((.((.(((((.(((((.(..(((((((((.....(((.(((((((((((........))))))))))).....))).(.((.(((.(((((.((....))))))).....))))).)..(...)...((((((.....(((....(((....)))....)))...)))))))))))))))....).)))))....))))).))))))...)))))))))).))))....))).)......)..))....,0.097268527508,0.902700676848,0.858354153496,0.915522102037,0.964166785518,0.983378002218,0.99547725277,0.538468223101,0.51279318469,0.70245398773,0.134095077201,AAUCUCUUUAGUUCUGGCUUCUUGCCCGAGUACGUCCAUGGGGAGCCAGGGCCGGUCUCGCCCCUAGAGGUGACGGGAGUUGGGGCCGGCUGUCAGUGGGCCGGGGCCUGGACGAUGCCCCGUAGGGGAGCGGCCCUGCGGGGCAUUAGAUGUCCACGGCGCGCGCACGAGUUGGCUGUGCGGGGCCGCGUGGUUAGUUGAACGGCCGGUCCGAGGGGGGCUGCCGUUCCAGCGCGUCUGCCGCCGGCCCCCGGCCCUUGCUCGCAGCGUGAGGCCUUAGUUCUAAUCGGCCCUGGCGCCCCUGAGGGGAAGGGCGCGCGCGAACG
0.576687116564,.((.......))..((..(...(.(((............((((.((((((((((...(((((......))))).((((.((.(((((.(((((.(..(((((((((.....(((.(((((((((((........))))))))))).....))).(.((.(((.(((((.((....))))))).....))))).)..(...)...((((((.....(((....(((....)))....)))...)))))))))))))))....).)))))....))))).))))))...)))))))))).))))....))).)......)..))....,0.213677973696,0.951086302786,0.905323748466,0.948541935603,0.982690458774,0.992489721218,0.99849241759,0.265533419837,0.438113917705,0.622699386503,0.291227854496,AGGGGGAGAUCCAAGCCACGAAAACCGGUUAAGACAUGGAGUGACUUGCGAACAAGCGCUGAUAAUGAUCGGCUCGUCAGCCGCCCCAAGAGUCCUUGGGGGGGGGUGACGGGGGGGCCCUGGGCCACGAAUUAGGCCCAGGGCCUGGCUCCUCCGGCCCCUCCUAUAAUCGUAUCUUGUGGCUCCGAGGGCGCUAAGGUGGUUGCCUGUACUACAGGUGUGCACUCGGGUGGCCGCCUACCAUAGGUCCCCCCCCUCGCCCGGCUCUCGACGGGGCUGCGGCGGGAUGUUUGCGAGAUACUACAUCGGAUACACAUACUGUCGCA
0.576687116564,.((.......))..((..(...(.(((............((((.((((((((((...(((((......))))).((((.((.(((((.(((((.(..(((((((((.....(((.(((((((((((........))))))))))).....))).(.((.(((.(((((.((....))))))).....))))).)..(...)...((((((.....(((....(((....)))....)))...)))))))))))))))....).)))))....))))).))))))...)))))))))).))))....))).)......)..))....,0.110123263601,0.945762913902,0.902877305283,0.944959664361,0.981193891823,0.994742804852,1.0,0.531526560473,0.618933488317,0.601226993865,0.160933432024,CAGGGGGCUCUUUAAGACGCGAUGGCCCUAGUCGGGUAUGCCUGGAGCUCGGAGGGGCCGACAAGGAAGUCGGGCCUUUCCCCUCCUCACCUGACUCUGGCGCGGGCCUCGGCGGAGCCCUUCUAGUGCUGUAACUAGAGGGGCUUUAACCGCCGUUGGAGAUCUGGGAUUUGACAGUUCGGGUUCUUCUCACACCAUUCGAGCGUCCGGCCUCUUGCUUUAGGGGCAGUUGACGUGUAGAACCGGACUCCGCGUUGGUUAUUCAGGUUCGGAGGAGGGGAGGGUGUCUCUGAGCUCCGGGUCUCUGGCUGUGCUUACCCCUACUU
0.576687116564,.((.......))..((..(...(.(((............((((.((((((((((...(((((......))))).((((.((.(((((.(((((.(..(((((((((.....(((.(((((((((((........))))))))))).....))).(.((.(((.(((((.((....))))))).....))))).)..(...)...((((((.....(((....(((....)))....)))...)))))))))))))))....).)))))....))))).))))))...)))))))))).))))....))).)......)..))....,0.0740474543116,0.942293452948,0.895323673164,0.948541935603,0.98774502947,0.997746916365,0.999246208795,0.650442557789,0.489705072312,0.638036809816,0.135182557222,GGGGGGUUUACCAUGGUACGUUCCUCAAAGAUGUCCCAGGGACUACGUGGGGAGGAAUGUGAUAGCGCUCGCAGGCCCGUGCUCUCCCGCCCUUGGGGUCCUCUGAAUCCACAGGGGGAUAGCCGGCGAAGCUACCGGUUGUCUUCAACCCUGUUUGGGGCGGUGCAGUGGGCGGCUCUGCAGCGCCCGUCCAACCUUUUGAUAGGCCCCAGGAUACCGCGCACGUGAUUGUGAAGGGUCCGGGGGCCUCGGAGGGCCGAGCAGGGGCGGAUGGAGAGCAGGGUGGGCUCCCCACGUAGUCUAUGGUGGCUAUGGACCCUCCAGGU
0.576687116564,.((.......))..((..(...(.(((............((((.((((((((((...(((((......))))).((((.((.(((((.(((((.(..(((((((((.....(((.(((((((((((........))))))))))).....))).(.((.(((.(((((.((....))))))).....))))).)..(...)...((((((.....(((....(((....)))....)))...)))))))))))))))....).)))))....))))).))))))...)))))))))).))))....))).)......)..))....,0.152428535748,0.958419357514,0.916646512575,0.961315078934,0.992517165245,0.997746916365,1.0,0.62778462269,0.485915492958,0.59509202454,0.213181057883,AGCCCCCAGUGUUGUCUGUCGCACGCGCAAACAUAGCAUCCGCAAACGGGGGGCCCGGGUCCGUGAAAGGAUCCCUAUAACUGGCCGGGGACGUGGUGGGGGAUUGUAUAGGGGGCGCUUAUGCACGUCCCUCGGUGCGUAGGCGUUGAUCCCUCUCGAAGGGCCCCGCCGAGUGUCCGGGGUACGGCCUUGGAGGCAAAAACACCCCGAUAUAGUCAGAGAGCUUUCCCUGAAAAUGAUCUUCGGGGCAGUCCCCCUUAAGCUGUCUAGGUCGGCUCGUAUGGAUUGUCCUCCGUUUGCGGACCUCGCAAGAAUUUGUCGAUGGC
0.576687116564,.((.......))..((..(...(.(((............((((.((((((((((...(((((......))))).((((.((.(((((.(((((.(..(((((((((.....(((.(((((((((((........))))))))))).....))).(.((.(((.(((((.((....))))))).....))))).)..(...)...((((((.....(((....(((....)))....)))...)))))))))))))))....).)))))....))))).))))))...)))))))))).))))....))).)......)..))....,0.11436419522,0.961631781961,0.915271911336,0.965324274109,0.990738163372,0.998497944244,1.0,0.648787222016,0.512353715788,0.604294478528,0.186530668685,AUGGGGUCCGCGUGCGUAUAGGCAUCUUCCAACGUACAUCGGCCUGACUGCGCCCGGGGGUCGCACUAGGCCUGGCCCGGCAGCGGUGGGCCCUGGAACACUAUCGCGGAGAGUCUCCUCAUCGAGUGGGAACCCUCGAUGGGGAGCAGAGCUGUGGCCGUGGGAUCCGAAAGAGCCGGAUUUUACACAUGCCCCGUUUUCAUACUGGGGCAAACCCCACGCAUAGAUGUAUGCAAGGGAUGCCCUAGCGAUAGUGUUAAUUGGGGCCUGAUACCGUAGCGGGCUGUGGUGCAGUCACGCCGGUCCAGAGUCAUGGUUAGCGUCAG
0.576687116564,.((.......))..((..(...(.(((............((((.((((((((((...(((((......))))).((((.((.(((((.(((((.(..(((((((((.....(((.(((((((((((........))))))))))).....))).(.((.(((.(((((.((....))))))).....))))).)..(...)...((((((.....(((....(((....)))....)))...)))))))))))))))....).)))))....))))).))))))...)))))))))).))))....))).)......)..))....,0.217161245098,0.964073550689,0.916522867279,0.961877891206,0.987279180917,0.995493832731,0.999246208795,0.55287307772,0.499646175362,0.598159509202,0.317819697019,UAUCCUCUUUGUCACGACUUGCACAGCAUGGGACGUGCCUGCGAGCGGGGCCGUUCCGGUGUUAGGCUGCAUCGUCCAAGGCUGGUUUAACGUGGUUUGCGCCUGGGUAAGUCUUUGUCUUCCGCCGCUUAGUCGGCGGAGGACGCCACAAGGUGGCGGGGCUUUGAUUGUAACAAGAUCAGUAAUUGCCCGGUGUGCGAGCUUCAGAGCCGGGCUGUCCUCUCUUGUGACUACUGGCAGCAGCUCUGCCGGGCGCACCACCGGCGUUGAACGACCAGCUUGGAGAGACGGCCCCGUGCGCGCUGAGCUUGAAUAAAACCCGUUCG
0.576687116564,.((.......))..((..(...(.(((............((((.((((((((((...(((((......))))).((((.((.(((((.(((((.(..(((((((((.....(((.(((((((((((........))))))))))).....))).(.((.(((.(((((.((....))))))).....))))).)..(...)...((((((.....(((....(((....)))....)))...)))))))))))))))....).)))))....))))).))))))...)))))))))).))))....))).)......)..))....,0.144311829575,0.964124153265,0.917402891781,0.964860122437,0.99176888177,0.998497944244,1.0,0.624763234181,0.531182784761,0.58282208589,0.233851334415,GGAAAGGACAUCAGGCUGAGGUCACGAACUGGAGACUACGUGGGCGGUCUGCAUCACUGGGUAGUCAAACUCGAGCAGUGGUUCAGCCUGGGUCCACAUACGGGGGCAUUGGGGGUCGUUCCUAACGUCGACAGGUUAGGGGCGGACGCCCCCAAAAGGCGGAUUGGGCUUACAUCCCUCGAAAAGUCCGCUCUUAGAGGCCCGUCUGAGUGCGUCAGUGGUCUGCGGCCAGCAGUCUGAUCUUCAGACCUCCGUAUCUAUAAGCCCAGGGUGCUGGACCCUGUGCGGUGCAGACUGCCCACCGGAUCGCACAUCAUUUAGCAUUU
0.576687116564,.((.......))..((..(...(.(((............((((.((((((((((...(((((......))))).((((.((.(((((.(((((.(..(((((((((.....(((.(((((((((((........))))))))))).....))).(.((.(((.(((((.((....))))))).....))))).)..(...)...((((((.....(((....(((....)))....)))...)))))))))))))))....).)))))....))))).))))))...)))))))))).))))....))).)......)..))....,0.0763756113025,0.952690672968,0.91085374433,0.955251955873,0.986248462519,0.993991776974,0.99698483518,0.579956016553,0.561020009767,0.622699386503,0.141730700218,UGUUUUCAGGACGCGCUUGGCUCGCGUUGUCGUACAACGGUCCGUGGCCCUUGCCAACGUGGAUUGAUCUGCGUGAGUGGCAGGGCUUGGGGAACUUAGGGUUCCGCUGCGUGUUAGCCGAACCAGAAUCCCUCUUGGUUCGGCUUAUCGACGCUGGGGUGCCGCCCGUCGCGAAGUCGGGUGUACGGCACUGCCCUAAAGACACAGCGGUCGUUUGGGGAAAAGGACCUCAAUCACUGAGUCCGCUGCGGAACUCUGUGGUGUCCUUCCGCGGCCCGGCGCUUGGAGCAAGGGCCACGGGCAGCGGCGGGGUGAGUUUAGCGGAC
0.576687116564,.((.......))..((..(...(.(((............((((.((((((((((...(((((......))))).((((.((.(((((.(((((.(..(((((((((.....(((.(((((((((((........))))))))))).....))).(.((.(((.(((((.((....))))))).....))))).)..(...)...((((((.....(((....(((....)))....)))...)))))))))))))))....).)))))....))))).))))))...)))))))))).))))....))).)......)..))....,0.192593747882,0.949283751229,0.909442808702,0.964761461837,0.992700578877,0.997746916365,1.0,0.399234456244,0.577305892151,0.61963190184,0.264980713079,UCUUUUCCGAAGCGGGUCUGGCGUCAUGCUUGAUGCGACCGCGCCCGGCUUUGUCCAUGGUCUUGCGUGGCCGCGGUUUGCCGUGGGUGUGCUCGACUGGGGCGCAUCACGGCGGCGUACUACCCUCUUCUCUGAGGGUGGUGCGGCAGCCGCCAUCGGCGCCGAGAGUAGCGAGGCCUCUCUACAGGCGCGGACCAGUUGAAACCAACUACGCGAUGAGCAUCGGGCUUGGAACGUAUCUUGGUUGGUGCGCCCCAACUGAAAGCGCCCCGUCUGCUGUGAUCAAAGCAGAGCCGGUCGUGACGGAUGAAUAAAGGUGCCCAACU
0.576687116564,.((.......))..((..(...(.(((............((((.((((((((((...(((((......))))).((((.((.(((((.(((((.(..(((((((((.....(((.(((((((((((........))))))))))).....))).(.((.(((.(((((.((....))))))).....))))).)..(...)...((((((.....(((....(((....)))....)))...)))))))))))))))....).)))))....))))).))))))...)))))))))).))))....))).)......)..))....,0.104324194165,0.953391292442,0.907229919367,0.952269724642,0.985782613966,0.997746916365,0.999246208795,0.556314804546,0.538366363512,0.616564417178,0.173486393205,UGGAGAAGGCUCGUGCUAACUUGGGGUUGGCCUAGUACGUCCUGCCGAGCAGGUUAGAGCGCGCGUUAGCGCUCGCUUAGUUGUGGGUGCUCCGCUGGACUUGACUAGGUCCCCCGGGGUGGCGCGGGAAGGGUUGCGCCACUCCGCUAAGGGAACGAGCGCUUUUUAAACCGUAUAUGGGAGGCGCGUGUCAGAGACAUCCAGUCGUGUCUUUGCGCUCAUCUACUCUCCUGCCGGCGGUGGCACGAGGUCGAGUCCCAGCGGGAGUACCUCCCACGGCAGGUGCUGCCUGCUCGGGAGGAUAAAGCCGCCGGUUAUAGGCAAUC
0.576687116564,.((.......))..((..(...(.(((............((((.((((((((((...(((((......))))).((((.((.(((((.(((((.(..(((((((((.....(((.(((((((((((........))))))))))).....))).(.((.(((.(((((.((....))))))).....))))).)..(...)...((((((.....(((....(((....)))....)))...)))))))))))))))....).)))))....))))).))))))...)))))))))).))))....))).)......)..))....,0.137223904504,0.95730212409,0.909750461393,0.962342042878,0.992517165245,0.996995888487,0.999246208795,0.623680412494,0.50133692894,0.61963190184,0.206316618572,CAGGGGGGUACUCCUUGCAGUAUUGGGGAAGCUAUCGACACCACACCCGGGGUGGAGCCCUUACGGGAGAGGGUGUGUCUCCUGGCAACCCGCAGUGUUCCCCGGCACGCCUCCCGGCAGGCCCGCCUAUGUUUGUGGGCCUGCUUCGCCGGAUAGCCCAUGCGACCGUUCAUCCACCGGUCCCCCUCGUGGGUCCAUUGAUUCGCGGCCAGUAUUGUCCUCGCCCGAAUUAUCUUGCGUACGGUUGCGCUGGGGGAUUGACUGCGGGUGAAUGCUAUGGACGCAAGCAUCCCGGGUUUGGUAAUCCCCGCAGCGCUAGCAAAAAG
0.576687116564,.((.......))..((..(...(.(((............((((.((((((((((...(((((......))))).((((.((.(((((.(((((.(..(((((((((.....(((.(((((((((((........))))))))))).....))).(.((.(((.(((((.((....))))))).....))))).)..(...)...((((((.....(((....(((....)))....)))...)))))))))))))))....).)))))....))))).))))))...)))))))))).))))....))).)......)..))....,0.25558214424,0.947695607721,0.891497878868,0.942821651537,0.983255328617,0.994742804852,0.99849241759,0.281540459669,0.572508585822,0.644171779141,0.287839519035,GUAGAAUAAUUGCGUGCAGGCACAGGGCCCCCCGCUCUCGGUUGGCUGCGCGGGGCCGCGUAAGGUGGUGCGCUUCGCCUUCCGGGCCGGGGUGGGCCACCCGCAGCCGGGUGUCACGCUUAGGCUUUUCCAGGAGCCUGGGUGUCCAUGGCACAGGCUUCCUAGGGCAAUGUCAUCGUCCUUGCACGGGGCAUGUGGAGUUAUAGCCGCGACGGGCCACCGAGAAAUCGACCGCAGGCUUUGUGGCUCUGCGGGUGACGUGAGCCCCAUCCGCCCGUAGGUGAUCUCUCGCGUGGCAAGCCUCCAUCCUUCGAAACAAACGAAGC
0.576687116564,.((.......))..((..(...(.(((............((((.((((((((((...(((((......))))).((((.((.(((((.(((((.(..(((((((((.....(((.(((((((((((........))))))))))).....))).(.((.(((.(((((.((....))))))).....))))).)..(...)...((((((.....(((....(((....)))....)))...)))))))))))))))....).)))))....))))).))))))...)))))))))).))))....))).)......)..))....,0.15565767829,0.975838595322,0.933426509172,0.968587911475,0.994013732196,0.997746916365,0.999246208795,0.584324677611,0.495575210668,0.573619631902,0.213536594065,CCGGGGGUGCCGUGAGGUCACUUCGCGUUCAAGACAGACUCUGAUACCGCCGGUUUGAGCUGUAAGGACGGCUUGGGUAGCCGCUGUUGUCGAACGGGGUGCCUUCCGGGCCCAACACUCAGUCCAUACAUAGGUGGGCUGGGUGGACUCUGGGAUCAGCUAAUAGGCGUUGUGGACGCCUACGCUAUGGUGAGGGAGUCUAGUCCCGACUUAAGGCGUAGAUUUAAACAAAGCCUUGCAUCGUCGGGGAGGGCGCCGCACGCUUGAUUUUCACAGCAGUACUCCGAGCCGGCGGUAUCAGAAAAGUGCGUUAUCGUGCUCUUCGA
0.576687116564,.((.......))..((..(...(.(((............((((.((((((((((...(((((......))))).((((.((.(((((.(((((.(..(((((((((.....(((.(((((((((((........))))))))))).....))).(.((.(((.(((((.((....))))))).....))))).)..(...)...((((((.....(((....(((....)))....)))...)))))))))))))))....).)))))....))))).))))))...)))))))))).))))....))).)......)..))....,0.242214342689,0.93732734174,0.889992171784,0.946952159389,0.986248462519,0.994742804852,0.997738626385,0.341423080049,0.509681467787,0.650306748466,0.233650718757,CGGGAGCACUUCGCUGGUGGGACUGGGCGCUCCGAGACCCCUUAGUCUGGCGAAAAAUGGCGCACUUCCGCCGCAGCCGGCCGGACUCUGGCCUGUUGCUACCGGACUAGACCGGGGGCUCCUAGAAGAAAGCUUCUAGGGGCCUACACCCGGGAUCCCCUCGCGGCGACGCUCCCGCGCCGAUACUGGGGGUGACUCAUCGCUGGUGGCUAUCGCGCGCCAAUACAUUGCCCAAUGUGAAGGCCGCUUCCGGUGGUCGCUAAGGUCACUCUAGUCCUGUGGUUCAGUUCGCCGGACGGAGGUUGACCCGGCCUCCACCCCAGACC
0.576687116564,.((.......))..((..(...(.(((............((((.((((((((((...(((((......))))).((((.((.(((((.(((((.(..(((((((((.....(((.(((((((((((........))))))))))).....))).(.((.(((.(((((.((....))))))).....))))).)..(...)...((((((.....(((....(((....)))....)))...)))))))))))))))....).)))))....))))).))))))...)))))))))).))))....))).)......)..))....,0.0918921918278,0.944780378617,0.895871479406,0.948504707863,0.98764600818,0.995210361951,0.997738626385,0.655232446179,0.426621153004,0.641104294479,0.151378499799,CGAGGGCAAAUCAGAGCGCUGGGACCCCAGCUGCGUUUCCGGCAAGGUGGGGCCCAGGGCGGAACCUCCUGCCCUUCGUCGCGGGCCAGGAGCGUUUUCGCAGAGGGUUUGCCCCUGGCACCCCGCUCUCCCAAGCGGGGUGCCAUUACAGGGCGGCCCACGUCCCUGUUAGUCUUACGGGGGGAUUCGUGGGUUAUGAUUUAGUGACGCAAAGAUCACAUUGUAAGCGUCGGAGUUGAUAGGCGUCACCUCUGUGAGCAAGAGCUCUGCGGGGCCCAUGCGAGUAGGGCCCCACCUUGCCGCUGAGGGCGGAUGGGUGGCUGGGC
0.576687116564,.((.......))..((..(...(.(((............((((.((((((((((...(((((......))))).((((.((.(((((.(((((.(..(((((((((.....(((.(((((((((((........))))))))))).....))).(.((.(((.(((((.((....))))))).....))))).)..(...)...((((((.....(((....(((....)))....)))...)))))))))))))))....).)))))....))))).))))))...)))))))))).))))....))).)......)..))....,0.148018314299,0.962889535568,0.911733768832,0.954187764189,0.986248462519,0.996995888487,0.99849241759,0.58497415965,0.519379845795,0.601226993865,0.226503717443,UGCCCUCCCCGUAAAUACACGCAGGCACUUAGGAAGAGCGGGUACGCUGUGAGCCUAUGGGCCAUACAGUCCACACCCAGCUCCCCUGCGGGCAGAAGCCAGCGCUAUCACUCGGGUCCGUCCGCGUGCUGUCCCGCGGGCGGGCCAGCGCGAUUGGCUUACAUCGUGUGGAGAAUACGCGACCCGCGUAGUUUAAAUAGACUGGUUUGUACCGUGGGCGUUUUUCUGAAGAUUCGCUUGCCGCAAGCGGCGUUGGCCCAUUAGCUCGAAGAAGGGGAGCGGGUUCCGCUUACGGCGUACCCUCCUUGUGAGUUGGACUCGUAGAC
0.576687116564,.((.......))..((..(...(.(((............((((.((((((((((...(((((......))))).((((.((.(((((.(((((.(..(((((((((.....(((.(((((((((((........))))))))))).....))).(.((.(((.(((((.((....))))))).....))))).)..(...)...((((((.....(((....(((....)))....)))...)))))))))))))))....).)))))....))))).))))))...)))))))))).))))....))).)......)..))....,0.157694467942,0.951527527449,0.910967292595,0.958332847703,0.989524031343,1.0,1.0,0.690319946589,0.497098665825,0.60736196319,0.226150097205,UGCCCUUCGUGUUAGGGAUCGUCCGCUAUUGAAUUGGAGGGCCCCGGCCUAAGAACAGAUAGACUCUCCUGUCCGGGUGGGUGACCUGCCGUUUCCCUGCCUCUGCGCUACUGGGACGUACCCGGGCGUCUCUACCUGGGUGCGUCAAUGCCACUGGCCUCGGGUGUCAUUUGCCGUGACAUGAGAGUGAGUCCGAGCUGGAAGGUCAGUACUUUGUCUCCUAGGGGCGCCUAUGGGGCUUGAUUGACGCAGAGGCGUCCGGAAACGGCUCGGGGUCGCCGCCCAGGUCUUGGGCCGUGGCCCAUGAGUAGGCCUAUAUUCCUAUG
0.576687116564,.((.......))..((..(...(.(((............((((.((((((((((...(((((......))))).((((.((.(((((.(((((.(..(((((((((.....(((.(((((((((((........))))))))))).....))).(.((.(((.(((((.((....))))))).....))))).)..(...)...((((((.....(((....(((....)))....)))...)))))))))))))))....).)))))....))))).))))))...)))))))))).))))....))).)......)..))....,0.127561043669,0.963008426483,0.912132290358,0.953859500857,0.987279180917,0.996244860609,0.99849241759,0.539036084834,0.508783804404,0.598159509202,0.197451970239,AGUUUUCCCAACUGGCCAGCGGGACCCUGUACCUCUUAAGGCCGACCCCGUCUUUGCUCGCUAUAAAUAGCGGAUCGUUCGCAUCCUUCCCCUGGAGGCUUGGCGUUGAGCUCGAGUAGCGCAUGCAUCCAUCAGCAUGCGCUACCCACUUGGAUGGCUUUGGGUGGCUCGUAUACAGCCACUUGGCCGAGCUCAUUCCACGUCGCCCUUGGUAUCCGUGGGUGCCUGGAACGGUUCGGUGAGGGGGUGUGCCAGGCGAGGAAAGGGGGUCCAGGAUCUGAUGACAAAAGGCGGGGUGGGCCCAGCGGGUACUUGAGAUCGCAGCA
0.576687116564,.((.......))..((..(...(.(((............((((.((((((((((...(((((......))))).((((.((.(((((.(((((.(..(((((((((.....(((.(((((((((((........))))))))))).....))).(.((.(((.(((((.((....))))))).....))))).)..(...)...((((((.....(((....(((....)))....)))...)))))))))))))))....).)))))....))))).))))))...)))))))))).))))....))).)......)..))....,0.221717598354,0.956274014692,0.911876255462,0.959823963319,0.991020598294,0.997746916365,1.0,0.483823908845,0.391977496025,0.622699386503,0.29531357377,CGCCCUCGACGCUACCGGAUGUGAGAGACAUUUACGUACUGCCCCCGCCGCUGCCUGGCCGGUUCUUCUUGGUGGUGAACCCUCCUGUUCCCCGACUGGCUAGGGCAUUGCCCCCAGGCGGGCGUGAGCAGACUCGCGCUCGCCUGCUUUGGGUCUCCCGGAAGCGAACGAUAUAAAUUCGCCUGUCUCCGGAGACAGGUCCCUUGGGAUCUAACGACCCUCGUGACUCCAUCUCUGUUAGCAUCCCAGCCCUGGCUCGAUAGGGGGGCGUGUGGGAAGGUCACGCAGCAGCGGUGGAGGUGAUUCCUCAUCGCACCUUAGGGAGC
0.576687116564,.((.......))..((..(...(.(((............((((.((((((((((...(((((......))))).((((.((.(((((.(((((.(..(((((((((.....(((.(((((((((((........))))))))))).....))).(.((.(((.(((((.((....))))))).....))))).)..(...)...((((((.....(((....(((....)))....)))...)))))))))))))))....).)))))....))))).))))))...)))))))))).))))....))).)......)..))....,0.139701148809,0.955414002656,0.908227050061,0.956476241015,0.987279180917,0.996244860609,1.0,0.589042821625,0.434454335952,0.604294478528,0.231937628024,AGCCCCCCCUGCUAUCACCUGGCGUCUGAACAGUCACAAGGCACCCCGCGCUGGGAGCCUGCUAAACAGCGGGAUACAUGAUGGCGUCACCCAGAAAGCCCCCGCUAAAAUGCGGACCCCUUAGCUCCGUGGUGGGCUGAGGGGUUAUCCCGUGAGACCGCGGCCCGGAUAUGGGUGCCGGGCAUUGCGCGUCUUUAUCCAGAUUAGGAGUACACUGCGCAACGUAUGUAGCCUAAGCACACCUCCUAAGCGGGGGCCGGCAUUGGGUCAUCAUGUCCUCUGUGCCUCCAGCGUGGGAUGCCGAGCAGAAGUCUGAGUAGGGAACA
0.576687116564,.((.......))..((..(...(.(((............((((.((((((((((...(((((......))))).((((.((.(((((.(((((.(..(((((((((.....(((.(((((((((((........))))))))))).....))).(.((.(((.(((((.((....))))))).....))))).)..(...)...((((((.....(((....(((....)))....)))...)))))))))))))))....).)))))....))))).))))))...)))))))))).))))....))).)......)..))....,0.132992139218,0.966531209771,0.919851621949,0.96159648507,0.989524031343,0.996995888487,0.999246208795,0.636767164791,0.466445162447,0.567484662577,0.217491788335,UGGGGGAACACCAGGCUAUUAAUGAUGAACUUCAAAGUUCCUGAGCGGGUAGUAAGUGUCGUGACUGCACGAUGGAGCGAAGCGGCUCGGCCUUGCCGGACGGGGCCACACGGAGGCCCUCUGGUUAUAAAUUUAACCAGAGGGUGAGGCUCCUAUUGGGGGACCGUGAGGUGGGUGUACGGGCGUCCCCCGUGUAAGCCGGUCGAGCCUCUAAACGAAAACCGCUUAGGCGGGUCUCGGGAGGGCUUGCCCCGUCCUAGCUGAGGCCAAUUGGCCGAUUGUUCUCUUACUGCCCGCAUAGGAUAUUAUUGGGAUUCAAAGUGUAG
